sample_id,dataset,dataset_type,cloud_coverage_pct,mean_luminance,mean_transmission,best_lambda_asm,asm_min,asm_max,best_lambda_rte,rte_min,rte_max,best_noise_std,best_lambda_tv,best_lambda_ndvi,best_lambda_t_prior,best_learning_rate,recommended_iters
0,RICE2,RICE-2 (Thick Cumulus / Heavy Cloud & Inpainting),39.14,0.2654,0.8382,0.0617,0.037,0.0925,0.0308,0.0185,0.0462,0.0219,2.4e-05,0.0438,0.835,0.003,250
1,RICE2,RICE-2 (Thick Cumulus / Heavy Cloud & Inpainting),19.48,0.2151,0.8583,0.0558,0.0335,0.0837,0.0306,0.0184,0.0459,0.0199,2.4e-05,0.0437,0.717,0.003,250
2,RICE2,RICE-2 (Thick Cumulus / Heavy Cloud & Inpainting),26.8,0.2292,0.8543,0.058,0.0348,0.087,0.0307,0.0184,0.0461,0.0207,2.4e-05,0.0438,0.761,0.003,250
3,RICE2,RICE-2 (Thick Cumulus / Heavy Cloud & Inpainting),29.3,0.2448,0.8273,0.0588,0.0353,0.0882,0.0305,0.0183,0.0457,0.0209,2.4e-05,0.0438,0.776,0.003,250
4,RICE2,RICE-2 (Thick Cumulus / Heavy Cloud & Inpainting),45.37,0.2706,0.8214,0.0636,0.0382,0.0954,0.0313,0.0188,0.047,0.0225,2.4e-05,0.0439,0.872,0.003,250
5,RICE2,RICE-2 (Thick Cumulus / Heavy Cloud & Inpainting),54.91,0.3433,0.7604,0.0665,0.0399,0.0998,0.0319,0.0191,0.0478,0.0235,2.4e-05,0.0443,0.933,0.003,250
6,RICE2,RICE-2 (Thick Cumulus / Heavy Cloud & Inpainting),58.44,0.3954,0.7294,0.0675,0.0405,0.1013,0.0323,0.0194,0.0485,0.0238,2.4e-05,0.0446,0.964,0.003,250
7,RICE2,RICE-2 (Thick Cumulus / Heavy Cloud & Inpainting),3.35,0.1738,0.8736,0.051,0.0306,0.0765,0.0322,0.0193,0.0483,0.0183,2.4e-05,0.0439,0.62,0.003,250
8,RICE2,RICE-2 (Thick Cumulus / Heavy Cloud & Inpainting),1.85,0.1783,0.8649,0.0506,0.0304,0.0759,0.0313,0.0188,0.047,0.0182,2.4e-05,0.0435,0.611,0.003,250
9,RICE2,RICE-2 (Thick Cumulus / Heavy Cloud & Inpainting),5.81,0.1977,0.8594,0.0517,0.031,0.0776,0.0305,0.0183,0.0457,0.0186,2.4e-05,0.0437,0.635,0.003,250
10,RICE2,RICE-2 (Thick Cumulus / Heavy Cloud & Inpainting),30.35,0.2506,0.8297,0.0591,0.0355,0.0887,0.0305,0.0183,0.0457,0.021,2.4e-05,0.0439,0.782,0.003,250
11,RICE2,RICE-2 (Thick Cumulus / Heavy Cloud & Inpainting),29.0,0.2429,0.8283,0.0587,0.0352,0.0881,0.0308,0.0185,0.0462,0.0209,2.4e-05,0.0439,0.774,0.003,250
12,RICE2,RICE-2 (Thick Cumulus / Heavy Cloud & Inpainting),83.34,0.4514,0.6946,0.075,0.045,0.1125,0.0338,0.0203,0.0507,0.0263,2.4e-05,0.0444,1.104,0.003,250
13,RICE2,RICE-2 (Thick Cumulus / Heavy Cloud & Inpainting),47.75,0.3253,0.7761,0.0643,0.0386,0.0964,0.0314,0.0188,0.0471,0.0228,2.4e-05,0.0443,0.889,0.003,250
14,RICE2,RICE-2 (Thick Cumulus / Heavy Cloud & Inpainting),2.5,0.176,0.8789,0.0508,0.0305,0.0762,0.0323,0.0194,0.0485,0.0183,2.4e-05,0.0441,0.615,0.003,250
15,RICE2,RICE-2 (Thick Cumulus / Heavy Cloud & Inpainting),19.02,0.2556,0.8502,0.0557,0.0334,0.0835,0.0293,0.0176,0.044,0.0199,2.4e-05,0.0447,0.736,0.003,250
16,RICE2,RICE-2 (Thick Cumulus / Heavy Cloud & Inpainting),49.07,0.3673,0.8182,0.0647,0.0388,0.097,0.0312,0.0187,0.0468,0.0229,1.6e-05,0.0444,0.919,0.003,250
17,RICE2,RICE-2 (Thick Cumulus / Heavy Cloud & Inpainting),28.96,0.2783,0.8534,0.0587,0.0352,0.0881,0.0303,0.0182,0.0455,0.0209,2.4e-05,0.0441,0.792,0.003,250
18,RICE2,RICE-2 (Thick Cumulus / Heavy Cloud & Inpainting),23.9,0.2312,0.8341,0.0572,0.0343,0.0858,0.0307,0.0184,0.0461,0.0204,2.4e-05,0.0439,0.743,0.003,250
19,RICE2,RICE-2 (Thick Cumulus / Heavy Cloud & Inpainting),76.85,0.3844,0.716,0.0731,0.0439,0.1096,0.0334,0.02,0.0501,0.0257,2.4e-05,0.0443,1.079,0.003,250
20,RICE2,RICE-2 (Thick Cumulus / Heavy Cloud & Inpainting),94.74,0.5089,0.6017,0.0786,0.0472,0.1179,0.0349,0.0209,0.0524,0.0275,2.4e-05,0.0446,1.185,0.003,250
21,RICE2,RICE-2 (Thick Cumulus / Heavy Cloud & Inpainting),8.77,0.1996,0.878,0.0526,0.0316,0.0789,0.0309,0.0185,0.0464,0.0189,2.4e-05,0.0441,0.653,0.003,250
22,RICE2,RICE-2 (Thick Cumulus / Heavy Cloud & Inpainting),27.66,0.33,0.84,0.0583,0.035,0.0874,0.0282,0.0169,0.0423,0.0208,2.4e-05,0.0459,0.794,0.003,250
23,RICE2,RICE-2 (Thick Cumulus / Heavy Cloud & Inpainting),88.38,0.677,0.567,0.0792,0.0475,0.1188,0.0344,0.0206,0.0516,0.0268,2.4e-05,0.0457,1.166,0.003,250
24,RICE2,RICE-2 (Thick Cumulus / Heavy Cloud & Inpainting),59.93,0.424,0.7847,0.068,0.0408,0.102,0.0319,0.0191,0.0478,0.024,1.6e-05,0.0445,0.987,0.003,250
25,RICE2,RICE-2 (Thick Cumulus / Heavy Cloud & Inpainting),35.25,0.271,0.8387,0.0606,0.0364,0.0909,0.0307,0.0184,0.0461,0.0215,2.4e-05,0.044,0.815,0.003,250
26,RICE2,RICE-2 (Thick Cumulus / Heavy Cloud & Inpainting),17.95,0.2395,0.8405,0.0554,0.0332,0.0831,0.03,0.018,0.045,0.0198,2.4e-05,0.044,0.708,0.003,250
27,RICE2,RICE-2 (Thick Cumulus / Heavy Cloud & Inpainting),49.76,0.3051,0.7617,0.0649,0.0389,0.0973,0.0314,0.0188,0.0471,0.023,2.4e-05,0.0442,0.9,0.003,250
28,RICE2,RICE-2 (Thick Cumulus / Heavy Cloud & Inpainting),13.49,0.2228,0.8654,0.054,0.0324,0.081,0.0305,0.0183,0.0457,0.0193,2.4e-05,0.0439,0.681,0.003,250
29,RICE2,RICE-2 (Thick Cumulus / Heavy Cloud & Inpainting),17.76,0.2487,0.8531,0.0553,0.0332,0.0829,0.0302,0.0181,0.0453,0.0198,2.4e-05,0.044,0.738,0.003,250
30,RICE2,RICE-2 (Thick Cumulus / Heavy Cloud & Inpainting),33.48,0.3421,0.8119,0.06,0.036,0.09,0.0296,0.0178,0.0444,0.0213,2.4e-05,0.0445,0.83,0.003,250
31,RICE2,RICE-2 (Thick Cumulus / Heavy Cloud & Inpainting),34.33,0.3082,0.8279,0.0603,0.0362,0.0905,0.0303,0.0182,0.0455,0.0214,2.4e-05,0.0442,0.829,0.003,250
32,RICE2,RICE-2 (Thick Cumulus / Heavy Cloud & Inpainting),48.88,0.3647,0.8176,0.0647,0.0388,0.097,0.0313,0.0188,0.047,0.0229,1.6e-05,0.0444,0.928,0.003,250
33,RICE2,RICE-2 (Thick Cumulus / Heavy Cloud & Inpainting),25.47,0.288,0.8464,0.0576,0.0346,0.0864,0.0296,0.0178,0.0444,0.0205,2.4e-05,0.0441,0.774,0.003,250
34,RICE2,RICE-2 (Thick Cumulus / Heavy Cloud & Inpainting),2.43,0.2272,0.8225,0.0507,0.0304,0.0761,0.0278,0.0167,0.0417,0.0182,2.4e-05,0.0441,0.615,0.003,250
35,RICE2,RICE-2 (Thick Cumulus / Heavy Cloud & Inpainting),9.72,0.2124,0.861,0.0529,0.0317,0.0794,0.0305,0.0183,0.0457,0.019,2.4e-05,0.0439,0.658,0.003,250
36,RICE2,RICE-2 (Thick Cumulus / Heavy Cloud & Inpainting),29.8,0.3173,0.8184,0.0589,0.0353,0.0883,0.0307,0.0184,0.0461,0.021,2.4e-05,0.0446,0.8,0.003,250
37,RICE2,RICE-2 (Thick Cumulus / Heavy Cloud & Inpainting),33.81,0.3319,0.7943,0.0601,0.0361,0.0902,0.0306,0.0184,0.0459,0.0214,2.4e-05,0.0446,0.831,0.003,250
38,RICE2,RICE-2 (Thick Cumulus / Heavy Cloud & Inpainting),12.57,0.2311,0.8521,0.0538,0.0323,0.0807,0.0299,0.0179,0.0449,0.0193,2.4e-05,0.044,0.675,0.003,250
39,RICE2,RICE-2 (Thick Cumulus / Heavy Cloud & Inpainting),38.52,0.3238,0.8271,0.0616,0.037,0.0924,0.0305,0.0183,0.0457,0.0219,2.4e-05,0.0443,0.858,0.003,250
40,RICE2,RICE-2 (Thick Cumulus / Heavy Cloud & Inpainting),21.5,0.2744,0.8449,0.0564,0.0338,0.0846,0.0293,0.0176,0.044,0.0201,2.4e-05,0.0441,0.748,0.003,250
41,RICE2,RICE-2 (Thick Cumulus / Heavy Cloud & Inpainting),1.02,0.2303,0.8089,0.0503,0.0302,0.0754,0.0275,0.0165,0.0413,0.0181,2.4e-05,0.0442,0.606,0.003,250
42,RICE2,RICE-2 (Thick Cumulus / Heavy Cloud & Inpainting),8.27,0.214,0.875,0.0525,0.0315,0.0788,0.0306,0.0184,0.0459,0.0188,2.4e-05,0.044,0.65,0.003,250
43,RICE2,RICE-2 (Thick Cumulus / Heavy Cloud & Inpainting),29.53,0.3289,0.8109,0.0589,0.0353,0.0883,0.0309,0.0185,0.0464,0.021,2.4e-05,0.0448,0.806,0.003,250
44,RICE2,RICE-2 (Thick Cumulus / Heavy Cloud & Inpainting),32.29,0.3118,0.813,0.0597,0.0358,0.0896,0.0303,0.0182,0.0455,0.0212,2.4e-05,0.0443,0.822,0.003,250
45,RICE2,RICE-2 (Thick Cumulus / Heavy Cloud & Inpainting),7.66,0.2221,0.8606,0.0523,0.0314,0.0784,0.0294,0.0176,0.0441,0.0188,2.4e-05,0.0439,0.646,0.003,250
46,RICE2,RICE-2 (Thick Cumulus / Heavy Cloud & Inpainting),10.87,0.2385,0.86,0.0533,0.032,0.0799,0.0292,0.0175,0.0438,0.0191,2.4e-05,0.044,0.665,0.003,250
47,RICE2,RICE-2 (Thick Cumulus / Heavy Cloud & Inpainting),12.22,0.2502,0.8416,0.0537,0.0322,0.0805,0.0286,0.0172,0.0429,0.0192,2.4e-05,0.044,0.673,0.003,250
48,RICE2,RICE-2 (Thick Cumulus / Heavy Cloud & Inpainting),0.95,0.232,0.8079,0.0503,0.0302,0.0754,0.0275,0.0165,0.0413,0.0181,2.4e-05,0.0442,0.606,0.003,250
49,RICE2,RICE-2 (Thick Cumulus / Heavy Cloud & Inpainting),11.55,0.2575,0.8612,0.0535,0.0321,0.0803,0.0286,0.0172,0.0429,0.0192,2.4e-05,0.0451,0.669,0.003,250
50,RICE2,RICE-2 (Thick Cumulus / Heavy Cloud & Inpainting),29.3,0.3215,0.8237,0.0588,0.0353,0.0882,0.0306,0.0184,0.0459,0.0209,2.4e-05,0.0446,0.804,0.003,250
51,RICE2,RICE-2 (Thick Cumulus / Heavy Cloud & Inpainting),41.77,0.3547,0.791,0.0625,0.0375,0.0938,0.0308,0.0185,0.0462,0.0222,2.4e-05,0.0445,0.877,0.003,250
52,RICE2,RICE-2 (Thick Cumulus / Heavy Cloud & Inpainting),5.91,0.2184,0.8517,0.0518,0.0311,0.0777,0.0295,0.0177,0.0442,0.0186,2.4e-05,0.0439,0.635,0.003,250
53,RICE2,RICE-2 (Thick Cumulus / Heavy Cloud & Inpainting),7.61,0.2309,0.8551,0.0523,0.0314,0.0784,0.0291,0.0175,0.0437,0.0188,2.4e-05,0.044,0.646,0.003,250
54,RICE2,RICE-2 (Thick Cumulus / Heavy Cloud & Inpainting),2.26,0.2242,0.8246,0.0507,0.0304,0.0761,0.0279,0.0167,0.0418,0.0182,2.4e-05,0.044,0.614,0.003,250
55,RICE2,RICE-2 (Thick Cumulus / Heavy Cloud & Inpainting),0.16,0.2311,0.8033,0.05,0.03,0.075,0.0275,0.0165,0.0413,0.018,2.4e-05,0.0442,0.601,0.003,250
56,RICE2,RICE-2 (Thick Cumulus / Heavy Cloud & Inpainting),0.0,0.3661,0.7335,0.05,0.03,0.075,0.025,0.015,0.0375,0.018,2.4e-05,0.0455,0.6,0.003,250
57,RICE2,RICE-2 (Thick Cumulus / Heavy Cloud & Inpainting),0.25,0.3601,0.7245,0.0501,0.0301,0.0751,0.025,0.015,0.0375,0.018,2.4e-05,0.0455,0.601,0.003,250
58,RICE2,RICE-2 (Thick Cumulus / Heavy Cloud & Inpainting),5.45,0.3792,0.7106,0.0516,0.031,0.0774,0.0255,0.0153,0.0382,0.0185,2.4e-05,0.0452,0.633,0.003,250
59,RICE2,RICE-2 (Thick Cumulus / Heavy Cloud & Inpainting),1.51,0.3623,0.7395,0.0505,0.0303,0.0758,0.0252,0.0151,0.0378,0.0182,2.4e-05,0.0445,0.609,0.003,250
60,RICE2,RICE-2 (Thick Cumulus / Heavy Cloud & Inpainting),0.4,0.3442,0.7641,0.0501,0.0301,0.0751,0.025,0.015,0.0375,0.018,2.4e-05,0.0443,0.602,0.003,250
61,RICE2,RICE-2 (Thick Cumulus / Heavy Cloud & Inpainting),18.58,0.3387,0.7361,0.0556,0.0334,0.0834,0.0269,0.0161,0.0403,0.0199,2.4e-05,0.0444,0.711,0.003,250
62,RICE2,RICE-2 (Thick Cumulus / Heavy Cloud & Inpainting),1.23,0.3532,0.7411,0.0504,0.0302,0.0756,0.0251,0.0151,0.0377,0.0181,2.4e-05,0.0438,0.607,0.003,250
63,RICE2,RICE-2 (Thick Cumulus / Heavy Cloud & Inpainting),0.0,0.3702,0.709,0.05,0.03,0.075,0.025,0.015,0.0375,0.018,2.4e-05,0.0435,0.6,0.003,250
64,RICE2,RICE-2 (Thick Cumulus / Heavy Cloud & Inpainting),14.58,0.3678,0.7135,0.0544,0.0326,0.0816,0.0265,0.0159,0.0398,0.0195,2.4e-05,0.0438,0.687,0.003,250
65,RICE2,RICE-2 (Thick Cumulus / Heavy Cloud & Inpainting),2.27,0.2776,0.7926,0.0507,0.0304,0.0761,0.0261,0.0157,0.0392,0.0182,2.4e-05,0.0451,0.614,0.003,250
66,RICE2,RICE-2 (Thick Cumulus / Heavy Cloud & Inpainting),25.25,0.3434,0.7311,0.0576,0.0346,0.0864,0.0275,0.0165,0.0413,0.0205,2.4e-05,0.0451,0.752,0.003,250
67,RICE2,RICE-2 (Thick Cumulus / Heavy Cloud & Inpainting),12.86,0.3919,0.6922,0.0539,0.0323,0.0809,0.0263,0.0158,0.0394,0.0193,2.4e-05,0.0454,0.677,0.003,250
68,RICE2,RICE-2 (Thick Cumulus / Heavy Cloud & Inpainting),15.71,0.393,0.6796,0.0547,0.0328,0.082,0.0266,0.016,0.0399,0.0196,2.4e-05,0.0446,0.694,0.003,250
69,RICE2,RICE-2 (Thick Cumulus / Heavy Cloud & Inpainting),9.35,0.3796,0.7069,0.0528,0.0317,0.0792,0.0259,0.0155,0.0388,0.0189,2.4e-05,0.0445,0.656,0.003,250
70,RICE2,RICE-2 (Thick Cumulus / Heavy Cloud & Inpainting),19.66,0.4,0.6701,0.0559,0.0335,0.0838,0.027,0.0162,0.0405,0.02,2.4e-05,0.0443,0.718,0.003,250
71,RICE2,RICE-2 (Thick Cumulus / Heavy Cloud & Inpainting),0.0,0.3418,0.7454,0.05,0.03,0.075,0.025,0.015,0.0375,0.018,2.4e-05,0.0435,0.6,0.003,250
72,RICE2,RICE-2 (Thick Cumulus / Heavy Cloud & Inpainting),0.07,0.3351,0.7667,0.05,0.03,0.075,0.025,0.015,0.0375,0.018,2.4e-05,0.0435,0.6,0.003,250
73,RICE2,RICE-2 (Thick Cumulus / Heavy Cloud & Inpainting),3.71,0.3717,0.6946,0.0511,0.0307,0.0766,0.0254,0.0152,0.0381,0.0184,2.4e-05,0.0441,0.622,0.003,250
74,RICE2,RICE-2 (Thick Cumulus / Heavy Cloud & Inpainting),7.11,0.1797,0.8657,0.0521,0.0313,0.0781,0.0326,0.0196,0.0489,0.0187,2.4e-05,0.0451,0.643,0.003,250
75,RICE2,RICE-2 (Thick Cumulus / Heavy Cloud & Inpainting),55.26,0.2294,0.8296,0.0666,0.04,0.0999,0.0351,0.0211,0.0527,0.0235,2.4e-05,0.0452,0.932,0.003,250
76,RICE2,RICE-2 (Thick Cumulus / Heavy Cloud & Inpainting),35.26,0.2812,0.7955,0.0606,0.0364,0.0909,0.0303,0.0182,0.0455,0.0215,2.4e-05,0.045,0.812,0.003,250
77,RICE2,RICE-2 (Thick Cumulus / Heavy Cloud & Inpainting),24.66,0.4053,0.6749,0.0574,0.0344,0.0861,0.0275,0.0165,0.0413,0.0205,2.4e-05,0.0447,0.748,0.003,250
78,RICE2,RICE-2 (Thick Cumulus / Heavy Cloud & Inpainting),4.62,0.3675,0.7312,0.0514,0.0308,0.0771,0.0255,0.0153,0.0382,0.0185,2.4e-05,0.0445,0.628,0.003,250
79,RICE2,RICE-2 (Thick Cumulus / Heavy Cloud & Inpainting),0.15,0.3605,0.7462,0.05,0.03,0.075,0.025,0.015,0.0375,0.018,2.4e-05,0.0439,0.601,0.003,250
80,RICE2,RICE-2 (Thick Cumulus / Heavy Cloud & Inpainting),0.0,0.343,0.7309,0.05,0.03,0.075,0.025,0.015,0.0375,0.018,2.4e-05,0.0434,0.6,0.003,250
81,RICE2,RICE-2 (Thick Cumulus / Heavy Cloud & Inpainting),0.28,0.3241,0.7478,0.0501,0.0301,0.0751,0.025,0.015,0.0375,0.018,2.4e-05,0.0437,0.602,0.003,250
82,RICE2,RICE-2 (Thick Cumulus / Heavy Cloud & Inpainting),27.02,0.3761,0.6971,0.0581,0.0349,0.0872,0.0277,0.0166,0.0415,0.0207,2.4e-05,0.0441,0.762,0.003,250
83,RICE2,RICE-2 (Thick Cumulus / Heavy Cloud & Inpainting),19.3,0.3607,0.719,0.0558,0.0335,0.0837,0.0269,0.0161,0.0403,0.0199,2.4e-05,0.0448,0.716,0.003,250
84,RICE2,RICE-2 (Thick Cumulus / Heavy Cloud & Inpainting),26.96,0.3697,0.7097,0.0581,0.0349,0.0872,0.0277,0.0166,0.0415,0.0207,2.4e-05,0.0447,0.762,0.003,250
85,RICE2,RICE-2 (Thick Cumulus / Heavy Cloud & Inpainting),41.75,0.3427,0.7253,0.0625,0.0375,0.0938,0.0292,0.0175,0.0438,0.0222,2.4e-05,0.0447,0.851,0.003,250
86,RICE2,RICE-2 (Thick Cumulus / Heavy Cloud & Inpainting),2.39,0.3931,0.6931,0.0507,0.0304,0.0761,0.0252,0.0151,0.0378,0.0182,2.4e-05,0.0446,0.614,0.003,250
87,RICE2,RICE-2 (Thick Cumulus / Heavy Cloud & Inpainting),6.61,0.3806,0.7015,0.052,0.0312,0.078,0.0257,0.0154,0.0386,0.0187,2.4e-05,0.0447,0.64,0.003,250
88,RICE2,RICE-2 (Thick Cumulus / Heavy Cloud & Inpainting),0.36,0.342,0.7371,0.0501,0.0301,0.0751,0.025,0.015,0.0375,0.018,2.4e-05,0.0442,0.602,0.003,250
89,RICE2,RICE-2 (Thick Cumulus / Heavy Cloud & Inpainting),34.03,0.3256,0.7602,0.0602,0.0361,0.0903,0.0284,0.017,0.0426,0.0214,2.4e-05,0.0445,0.804,0.003,250
90,RICE2,RICE-2 (Thick Cumulus / Heavy Cloud & Inpainting),32.91,0.378,0.6844,0.0599,0.0359,0.0898,0.0283,0.017,0.0425,0.0213,2.4e-05,0.0447,0.797,0.003,250
91,RICE2,RICE-2 (Thick Cumulus / Heavy Cloud & Inpainting),50.7,0.3876,0.6848,0.0652,0.0391,0.0978,0.0301,0.0181,0.0451,0.0231,2.4e-05,0.0443,0.904,0.003,250
92,RICE2,RICE-2 (Thick Cumulus / Heavy Cloud & Inpainting),35.55,0.3174,0.7687,0.0607,0.0364,0.091,0.0286,0.0172,0.0429,0.0216,2.4e-05,0.0446,0.813,0.003,250
93,RICE2,RICE-2 (Thick Cumulus / Heavy Cloud & Inpainting),50.78,0.3758,0.6913,0.0652,0.0391,0.0978,0.0301,0.0181,0.0451,0.0231,2.4e-05,0.0448,0.905,0.003,250
94,RICE2,RICE-2 (Thick Cumulus / Heavy Cloud & Inpainting),31.03,0.3423,0.7075,0.0593,0.0356,0.089,0.0281,0.0169,0.0421,0.0211,2.4e-05,0.0448,0.786,0.003,250
95,RICE2,RICE-2 (Thick Cumulus / Heavy Cloud & Inpainting),9.86,0.3525,0.7041,0.053,0.0318,0.0795,0.026,0.0156,0.039,0.019,2.4e-05,0.0443,0.659,0.003,250
96,RICE2,RICE-2 (Thick Cumulus / Heavy Cloud & Inpainting),0.37,0.3389,0.7148,0.0501,0.0301,0.0751,0.025,0.015,0.0375,0.018,2.4e-05,0.0442,0.602,0.003,250
97,RICE2,RICE-2 (Thick Cumulus / Heavy Cloud & Inpainting),42.28,0.3426,0.7124,0.0627,0.0376,0.0941,0.0292,0.0175,0.0438,0.0222,2.4e-05,0.0441,0.854,0.003,250
98,RICE2,RICE-2 (Thick Cumulus / Heavy Cloud & Inpainting),50.89,0.3403,0.7093,0.0653,0.0392,0.0979,0.0301,0.0181,0.0451,0.0231,2.4e-05,0.0444,0.905,0.003,250
99,RICE2,RICE-2 (Thick Cumulus / Heavy Cloud & Inpainting),22.17,0.3436,0.7287,0.0567,0.034,0.0851,0.0272,0.0163,0.0408,0.0202,2.4e-05,0.0446,0.733,0.003,250
100,RICE2,RICE-2 (Thick Cumulus / Heavy Cloud & Inpainting),12.56,0.3535,0.7287,0.0538,0.0323,0.0807,0.0263,0.0158,0.0394,0.0193,2.4e-05,0.0442,0.675,0.003,250
101,RICE2,RICE-2 (Thick Cumulus / Heavy Cloud & Inpainting),39.98,0.3388,0.7753,0.062,0.0372,0.093,0.029,0.0174,0.0435,0.022,2.4e-05,0.0447,0.84,0.003,250
102,RICE2,RICE-2 (Thick Cumulus / Heavy Cloud & Inpainting),22.78,0.2695,0.839,0.0568,0.0341,0.0852,0.0273,0.0164,0.041,0.0203,2.4e-05,0.0445,0.737,0.003,250
103,RICE2,RICE-2 (Thick Cumulus / Heavy Cloud & Inpainting),65.52,0.2881,0.7867,0.0697,0.0418,0.1046,0.0329,0.0197,0.0493,0.0246,2.4e-05,0.0455,0.993,0.003,250
104,RICE2,RICE-2 (Thick Cumulus / Heavy Cloud & Inpainting),22.72,0.2885,0.8311,0.0568,0.0341,0.0852,0.0273,0.0164,0.041,0.0203,2.4e-05,0.0447,0.736,0.003,250
105,RICE2,RICE-2 (Thick Cumulus / Heavy Cloud & Inpainting),6.17,0.2638,0.8373,0.0519,0.0311,0.0779,0.0256,0.0154,0.0384,0.0186,2.4e-05,0.0445,0.637,0.003,250
106,RICE2,RICE-2 (Thick Cumulus / Heavy Cloud & Inpainting),40.14,0.3152,0.7571,0.062,0.0372,0.093,0.029,0.0174,0.0435,0.022,2.4e-05,0.0444,0.841,0.003,250
107,RICE2,RICE-2 (Thick Cumulus / Heavy Cloud & Inpainting),25.03,0.2899,0.7784,0.0575,0.0345,0.0863,0.0275,0.0165,0.0413,0.0205,2.4e-05,0.0444,0.75,0.003,250
108,RICE2,RICE-2 (Thick Cumulus / Heavy Cloud & Inpainting),20.6,0.3045,0.7744,0.0562,0.0337,0.0843,0.0271,0.0163,0.0406,0.0201,2.4e-05,0.0444,0.724,0.003,250
109,RICE2,RICE-2 (Thick Cumulus / Heavy Cloud & Inpainting),0.13,0.317,0.7555,0.05,0.03,0.075,0.025,0.015,0.0375,0.018,2.4e-05,0.0442,0.601,0.003,250
110,RICE2,RICE-2 (Thick Cumulus / Heavy Cloud & Inpainting),5.24,0.3147,0.7647,0.0516,0.031,0.0774,0.0255,0.0153,0.0382,0.0185,2.4e-05,0.0436,0.631,0.003,250
111,RICE2,RICE-2 (Thick Cumulus / Heavy Cloud & Inpainting),59.82,0.3004,0.779,0.0679,0.0407,0.1018,0.0313,0.0188,0.047,0.024,2.4e-05,0.0447,0.959,0.003,250
112,RICE2,RICE-2 (Thick Cumulus / Heavy Cloud & Inpainting),89.56,0.3671,0.7169,0.0769,0.0461,0.1153,0.0358,0.0215,0.0537,0.027,2.4e-05,0.0458,1.137,0.003,250
113,RICE2,RICE-2 (Thick Cumulus / Heavy Cloud & Inpainting),14.38,0.309,0.8083,0.0543,0.0326,0.0814,0.0264,0.0158,0.0396,0.0194,2.4e-05,0.0443,0.686,0.003,250
114,RICE2,RICE-2 (Thick Cumulus / Heavy Cloud & Inpainting),20.91,0.2882,0.8273,0.0563,0.0338,0.0844,0.0271,0.0163,0.0406,0.0201,2.4e-05,0.0444,0.725,0.003,250
115,RICE2,RICE-2 (Thick Cumulus / Heavy Cloud & Inpainting),20.8,0.313,0.7969,0.0562,0.0337,0.0843,0.0271,0.0163,0.0406,0.0201,2.4e-05,0.0444,0.725,0.003,250
116,RICE2,RICE-2 (Thick Cumulus / Heavy Cloud & Inpainting),32.69,0.326,0.8017,0.0598,0.0359,0.0897,0.0283,0.017,0.0425,0.0213,2.4e-05,0.0443,0.796,0.003,250
117,RICE2,RICE-2 (Thick Cumulus / Heavy Cloud & Inpainting),7.69,0.3162,0.8064,0.0523,0.0314,0.0784,0.0258,0.0155,0.0387,0.0188,2.4e-05,0.0442,0.646,0.003,250
118,RICE2,RICE-2 (Thick Cumulus / Heavy Cloud & Inpainting),1.16,0.3126,0.7982,0.0503,0.0302,0.0754,0.0251,0.0151,0.0377,0.0181,2.4e-05,0.044,0.607,0.003,250
119,RICE2,RICE-2 (Thick Cumulus / Heavy Cloud & Inpainting),51.6,0.3678,0.6907,0.0655,0.0393,0.0983,0.0305,0.0183,0.0457,0.0232,2.4e-05,0.045,0.91,0.003,250
120,RICE2,RICE-2 (Thick Cumulus / Heavy Cloud & Inpainting),75.72,0.3601,0.6997,0.0727,0.0436,0.1091,0.0341,0.0205,0.0512,0.0256,2.4e-05,0.0455,1.054,0.003,250
121,RICE2,RICE-2 (Thick Cumulus / Heavy Cloud & Inpainting),53.18,0.3777,0.6968,0.066,0.0396,0.099,0.0303,0.0182,0.0455,0.0233,2.4e-05,0.0447,0.919,0.003,250
122,RICE2,RICE-2 (Thick Cumulus / Heavy Cloud & Inpainting),2.74,0.3434,0.7463,0.0508,0.0305,0.0762,0.0253,0.0152,0.0379,0.0183,2.4e-05,0.0441,0.616,0.003,250
123,RICE2,RICE-2 (Thick Cumulus / Heavy Cloud & Inpainting),22.33,0.2986,0.7976,0.0567,0.034,0.0851,0.0272,0.0163,0.0408,0.0202,2.4e-05,0.0443,0.734,0.003,250
124,RICE2,RICE-2 (Thick Cumulus / Heavy Cloud & Inpainting),13.23,0.3336,0.7644,0.054,0.0324,0.081,0.0263,0.0158,0.0394,0.0193,2.4e-05,0.0442,0.679,0.003,250
125,RICE2,RICE-2 (Thick Cumulus / Heavy Cloud & Inpainting),3.36,0.3291,0.7994,0.051,0.0306,0.0765,0.0253,0.0152,0.0379,0.0183,2.4e-05,0.044,0.62,0.003,250
126,RICE2,RICE-2 (Thick Cumulus / Heavy Cloud & Inpainting),0.0,0.3543,0.747,0.05,0.03,0.075,0.025,0.015,0.0375,0.018,2.4e-05,0.0439,0.6,0.003,250
127,RICE2,RICE-2 (Thick Cumulus / Heavy Cloud & Inpainting),0.0,0.3689,0.7317,0.05,0.03,0.075,0.025,0.015,0.0375,0.018,2.4e-05,0.0437,0.6,0.003,250
128,RICE2,RICE-2 (Thick Cumulus / Heavy Cloud & Inpainting),58.06,0.4133,0.6635,0.0674,0.0404,0.1011,0.0311,0.0187,0.0466,0.0238,2.4e-05,0.0452,0.948,0.003,250
129,RICE2,RICE-2 (Thick Cumulus / Heavy Cloud & Inpainting),90.93,0.4653,0.607,0.0773,0.0464,0.1159,0.0353,0.0212,0.0529,0.0271,2.4e-05,0.0457,1.146,0.003,250
130,RICE2,RICE-2 (Thick Cumulus / Heavy Cloud & Inpainting),17.43,0.4063,0.6585,0.0552,0.0331,0.0828,0.0267,0.016,0.0401,0.0197,2.4e-05,0.0442,0.705,0.003,250
131,RICE2,RICE-2 (Thick Cumulus / Heavy Cloud & Inpainting),0.5,0.3635,0.6903,0.0501,0.0301,0.0751,0.025,0.015,0.0375,0.018,2.4e-05,0.044,0.603,0.003,250
132,RICE2,RICE-2 (Thick Cumulus / Heavy Cloud & Inpainting),43.62,0.3747,0.6897,0.0631,0.0379,0.0947,0.0294,0.0176,0.0441,0.0224,2.4e-05,0.0441,0.862,0.003,250
133,RICE2,RICE-2 (Thick Cumulus / Heavy Cloud & Inpainting),32.19,0.341,0.7448,0.0597,0.0358,0.0896,0.0282,0.0169,0.0423,0.0212,2.4e-05,0.0441,0.793,0.003,250
134,RICE2,RICE-2 (Thick Cumulus / Heavy Cloud & Inpainting),4.45,0.3011,0.8091,0.0513,0.0308,0.0769,0.0254,0.0152,0.0381,0.0184,2.4e-05,0.0438,0.627,0.003,250
135,RICE2,RICE-2 (Thick Cumulus / Heavy Cloud & Inpainting),11.68,0.3502,0.7597,0.0535,0.0321,0.0803,0.0262,0.0157,0.0393,0.0192,2.4e-05,0.044,0.67,0.003,250
136,RICE2,RICE-2 (Thick Cumulus / Heavy Cloud & Inpainting),0.0,0.3783,0.7065,0.05,0.03,0.075,0.025,0.015,0.0375,0.018,2.4e-05,0.0434,0.6,0.003,250
137,RICE2,RICE-2 (Thick Cumulus / Heavy Cloud & Inpainting),0.0,0.48,0.8205,0.05,0.03,0.075,0.025,0.015,0.0375,0.018,2.4e-05,0.0519,0.6,0.003,250
138,RICE2,RICE-2 (Thick Cumulus / Heavy Cloud & Inpainting),0.48,0.4304,0.8558,0.0501,0.0301,0.0751,0.025,0.015,0.0375,0.018,2.4e-05,0.0536,0.603,0.003,250
139,RICE2,RICE-2 (Thick Cumulus / Heavy Cloud & Inpainting),0.1,0.4753,0.8507,0.05,0.03,0.075,0.025,0.015,0.0375,0.018,2.4e-05,0.0548,0.601,0.003,250
140,RICE2,RICE-2 (Thick Cumulus / Heavy Cloud & Inpainting),0.0,0.3898,0.8709,0.05,0.03,0.075,0.025,0.015,0.0375,0.018,2.4e-05,0.0512,0.6,0.003,250
141,RICE2,RICE-2 (Thick Cumulus / Heavy Cloud & Inpainting),0.0,0.3911,0.893,0.05,0.03,0.075,0.025,0.015,0.0375,0.018,1.6e-05,0.0562,0.6,0.003,250
142,RICE2,RICE-2 (Thick Cumulus / Heavy Cloud & Inpainting),2.15,0.4491,0.878,0.0506,0.0304,0.0759,0.0252,0.0151,0.0378,0.0182,2.4e-05,0.0582,0.613,0.003,250
143,RICE2,RICE-2 (Thick Cumulus / Heavy Cloud & Inpainting),13.65,0.4623,0.8859,0.0541,0.0325,0.0811,0.0264,0.0158,0.0396,0.0194,1.6e-05,0.0583,0.683,0.003,250
144,RICE2,RICE-2 (Thick Cumulus / Heavy Cloud & Inpainting),32.0,0.5145,0.8331,0.0598,0.0359,0.0897,0.0282,0.0169,0.0423,0.0212,1.6e-05,0.0525,0.808,0.003,250
145,RICE2,RICE-2 (Thick Cumulus / Heavy Cloud & Inpainting),14.87,0.4769,0.8634,0.0545,0.0327,0.0818,0.0265,0.0159,0.0398,0.0195,1.6e-05,0.0552,0.698,0.003,250
146,RICE2,RICE-2 (Thick Cumulus / Heavy Cloud & Inpainting),15.24,0.4651,0.8632,0.0546,0.0328,0.0819,0.0265,0.0159,0.0398,0.0195,1.6e-05,0.0545,0.697,0.003,250
147,RICE2,RICE-2 (Thick Cumulus / Heavy Cloud & Inpainting),0.27,0.475,0.8316,0.0501,0.0301,0.0751,0.025,0.015,0.0375,0.018,2.4e-05,0.0506,0.602,0.003,250
148,RICE2,RICE-2 (Thick Cumulus / Heavy Cloud & Inpainting),0.21,0.4654,0.8405,0.0501,0.0301,0.0751,0.025,0.015,0.0375,0.018,2.4e-05,0.0519,0.601,0.003,250
149,RICE2,RICE-2 (Thick Cumulus / Heavy Cloud & Inpainting),0.16,0.4312,0.8536,0.05,0.03,0.075,0.025,0.015,0.0375,0.018,2.4e-05,0.0524,0.601,0.003,250
150,RICE2,RICE-2 (Thick Cumulus / Heavy Cloud & Inpainting),0.0,0.3791,0.8665,0.05,0.03,0.075,0.025,0.015,0.0375,0.018,2.4e-05,0.0508,0.6,0.003,250
151,RICE2,RICE-2 (Thick Cumulus / Heavy Cloud & Inpainting),0.15,0.3937,0.8848,0.05,0.03,0.075,0.025,0.015,0.0375,0.018,1.6e-05,0.0541,0.601,0.003,250
152,RICE2,RICE-2 (Thick Cumulus / Heavy Cloud & Inpainting),3.6,0.4491,0.8793,0.0511,0.0307,0.0766,0.0254,0.0152,0.0381,0.0184,2.4e-05,0.0591,0.622,0.003,250
153,RICE2,RICE-2 (Thick Cumulus / Heavy Cloud & Inpainting),20.45,0.4749,0.8851,0.0561,0.0337,0.0842,0.027,0.0162,0.0405,0.02,1.6e-05,0.0564,0.724,0.003,250
154,RICE2,RICE-2 (Thick Cumulus / Heavy Cloud & Inpainting),17.58,0.482,0.8568,0.0553,0.0332,0.0829,0.0268,0.0161,0.0402,0.0198,1.6e-05,0.0548,0.729,0.003,250
155,RICE2,RICE-2 (Thick Cumulus / Heavy Cloud & Inpainting),2.53,0.4373,0.8747,0.0508,0.0305,0.0762,0.0253,0.0152,0.0379,0.0183,2.4e-05,0.0586,0.615,0.003,250
156,RICE2,RICE-2 (Thick Cumulus / Heavy Cloud & Inpainting),46.32,0.529,0.8136,0.0643,0.0386,0.0964,0.0296,0.0178,0.0444,0.0226,1.6e-05,0.0512,0.895,0.003,250
157,RICE2,RICE-2 (Thick Cumulus / Heavy Cloud & Inpainting),1.2,0.4296,0.8587,0.0504,0.0302,0.0756,0.0251,0.0151,0.0377,0.0181,1.6e-05,0.0513,0.607,0.003,250
158,RICE2,RICE-2 (Thick Cumulus / Heavy Cloud & Inpainting),1.79,0.4108,0.8735,0.0505,0.0303,0.0758,0.0252,0.0151,0.0378,0.0182,1.6e-05,0.0516,0.611,0.003,250
159,RICE2,RICE-2 (Thick Cumulus / Heavy Cloud & Inpainting),0.84,0.4321,0.8582,0.0503,0.0302,0.0754,0.0251,0.0151,0.0377,0.0181,2.4e-05,0.0525,0.605,0.003,250
160,RICE2,RICE-2 (Thick Cumulus / Heavy Cloud & Inpainting),0.07,0.3942,0.8767,0.05,0.03,0.075,0.025,0.015,0.0375,0.018,2.4e-05,0.0514,0.6,0.003,250
161,RICE2,RICE-2 (Thick Cumulus / Heavy Cloud & Inpainting),0.18,0.41,0.8589,0.0501,0.0301,0.0751,0.025,0.015,0.0375,0.018,2.4e-05,0.0542,0.601,0.003,250
162,RICE2,RICE-2 (Thick Cumulus / Heavy Cloud & Inpainting),17.49,0.4928,0.8651,0.0552,0.0331,0.0828,0.0267,0.016,0.0401,0.0197,2.4e-05,0.0575,0.724,0.003,250
163,RICE2,RICE-2 (Thick Cumulus / Heavy Cloud & Inpainting),16.8,0.4769,0.8711,0.055,0.033,0.0825,0.0267,0.016,0.0401,0.0197,1.6e-05,0.0562,0.717,0.003,250
164,RICE2,RICE-2 (Thick Cumulus / Heavy Cloud & Inpainting),9.56,0.4621,0.8814,0.0529,0.0317,0.0794,0.026,0.0156,0.039,0.019,2.4e-05,0.058,0.663,0.003,250
165,RICE2,RICE-2 (Thick Cumulus / Heavy Cloud & Inpainting),6.27,0.421,0.8779,0.0519,0.0311,0.0779,0.0256,0.0154,0.0384,0.0186,2.4e-05,0.0595,0.638,0.003,250
166,RICE2,RICE-2 (Thick Cumulus / Heavy Cloud & Inpainting),26.55,0.4632,0.8457,0.058,0.0348,0.087,0.0277,0.0166,0.0415,0.0207,2.4e-05,0.0541,0.759,0.003,250
167,RICE2,RICE-2 (Thick Cumulus / Heavy Cloud & Inpainting),1.06,0.4509,0.8538,0.0503,0.0302,0.0754,0.0251,0.0151,0.0377,0.0181,2.4e-05,0.0516,0.606,0.003,250
168,RICE2,RICE-2 (Thick Cumulus / Heavy Cloud & Inpainting),3.0,0.5085,0.8521,0.051,0.0306,0.0765,0.0253,0.0152,0.0379,0.0183,1.6e-05,0.0545,0.618,0.003,250
169,RICE2,RICE-2 (Thick Cumulus / Heavy Cloud & Inpainting),1.08,0.4783,0.8575,0.0503,0.0302,0.0754,0.0251,0.0151,0.0377,0.0181,1.6e-05,0.0541,0.606,0.003,250
170,RICE2,RICE-2 (Thick Cumulus / Heavy Cloud & Inpainting),1.37,0.4015,0.8794,0.0504,0.0302,0.0756,0.0251,0.0151,0.0377,0.0181,1.6e-05,0.0518,0.608,0.003,250
171,RICE2,RICE-2 (Thick Cumulus / Heavy Cloud & Inpainting),0.07,0.4086,0.8717,0.05,0.03,0.075,0.025,0.015,0.0375,0.018,2.4e-05,0.0563,0.6,0.003,250
172,RICE2,RICE-2 (Thick Cumulus / Heavy Cloud & Inpainting),0.05,0.4482,0.869,0.05,0.03,0.075,0.025,0.015,0.0375,0.018,2.4e-05,0.0589,0.6,0.003,250
173,RICE2,RICE-2 (Thick Cumulus / Heavy Cloud & Inpainting),0.4,0.4365,0.8929,0.0501,0.0301,0.0751,0.025,0.015,0.0375,0.018,2.4e-05,0.0625,0.602,0.003,250
174,RICE2,RICE-2 (Thick Cumulus / Heavy Cloud & Inpainting),9.39,0.4157,0.8873,0.0528,0.0317,0.0792,0.0259,0.0155,0.0388,0.0189,2.4e-05,0.059,0.656,0.003,250
175,RICE2,RICE-2 (Thick Cumulus / Heavy Cloud & Inpainting),13.05,0.429,0.8684,0.0539,0.0323,0.0809,0.0263,0.0158,0.0394,0.0193,2.4e-05,0.0581,0.678,0.003,250
176,RICE2,RICE-2 (Thick Cumulus / Heavy Cloud & Inpainting),41.37,0.5041,0.8166,0.0625,0.0375,0.0938,0.0291,0.0175,0.0437,0.0221,1.6e-05,0.0524,0.858,0.003,250
177,RICE2,RICE-2 (Thick Cumulus / Heavy Cloud & Inpainting),1.19,0.4882,0.8436,0.0504,0.0302,0.0756,0.0251,0.0151,0.0377,0.0181,2.4e-05,0.0537,0.607,0.003,250
178,RICE2,RICE-2 (Thick Cumulus / Heavy Cloud & Inpainting),4.7,0.4986,0.8426,0.0514,0.0308,0.0771,0.0255,0.0153,0.0382,0.0185,1.6e-05,0.0537,0.628,0.003,250
179,RICE2,RICE-2 (Thick Cumulus / Heavy Cloud & Inpainting),0.75,0.4794,0.8465,0.0502,0.0301,0.0753,0.0251,0.0151,0.0377,0.0181,2.4e-05,0.0541,0.605,0.003,250
180,RICE2,RICE-2 (Thick Cumulus / Heavy Cloud & Inpainting),1.49,0.465,0.8431,0.0504,0.0302,0.0756,0.0251,0.0151,0.0377,0.0181,1.6e-05,0.0523,0.609,0.003,250
181,RICE2,RICE-2 (Thick Cumulus / Heavy Cloud & Inpainting),0.51,0.4301,0.8498,0.0502,0.0301,0.0753,0.0251,0.0151,0.0377,0.0181,2.4e-05,0.0561,0.603,0.003,250
182,RICE2,RICE-2 (Thick Cumulus / Heavy Cloud & Inpainting),0.11,0.4512,0.8612,0.05,0.03,0.075,0.025,0.015,0.0375,0.018,2.4e-05,0.0589,0.601,0.003,250
183,RICE2,RICE-2 (Thick Cumulus / Heavy Cloud & Inpainting),0.87,0.4269,0.8897,0.0503,0.0302,0.0754,0.0251,0.0151,0.0377,0.0181,2.4e-05,0.0621,0.605,0.003,250
184,RICE2,RICE-2 (Thick Cumulus / Heavy Cloud & Inpainting),8.51,0.424,0.8659,0.0526,0.0316,0.0789,0.0259,0.0155,0.0388,0.0189,2.4e-05,0.0588,0.668,0.003,250
185,RICE2,RICE-2 (Thick Cumulus / Heavy Cloud & Inpainting),22.85,0.4602,0.8421,0.0569,0.0341,0.0853,0.0273,0.0164,0.041,0.0203,2.4e-05,0.0556,0.755,0.003,250
186,RICE2,RICE-2 (Thick Cumulus / Heavy Cloud & Inpainting),31.43,0.4867,0.8264,0.0594,0.0356,0.0891,0.0281,0.0169,0.0421,0.0211,2.4e-05,0.0539,0.803,0.003,250
187,RICE2,RICE-2 (Thick Cumulus / Heavy Cloud & Inpainting),2.83,0.4833,0.8414,0.0508,0.0305,0.0762,0.0253,0.0152,0.0379,0.0183,2.4e-05,0.0546,0.617,0.003,250
188,RICE2,RICE-2 (Thick Cumulus / Heavy Cloud & Inpainting),8.54,0.5009,0.8217,0.0526,0.0316,0.0789,0.0259,0.0155,0.0388,0.0189,2.4e-05,0.0523,0.651,0.003,250
189,RICE2,RICE-2 (Thick Cumulus / Heavy Cloud & Inpainting),3.36,0.4773,0.8315,0.051,0.0306,0.0765,0.0253,0.0152,0.0379,0.0183,2.4e-05,0.0527,0.62,0.003,250
190,RICE2,RICE-2 (Thick Cumulus / Heavy Cloud & Inpainting),3.32,0.4593,0.8355,0.051,0.0306,0.0765,0.0253,0.0152,0.0379,0.0183,1.6e-05,0.0524,0.62,0.003,250
191,RICE2,RICE-2 (Thick Cumulus / Heavy Cloud & Inpainting),3.17,0.4416,0.8447,0.051,0.0306,0.0765,0.0253,0.0152,0.0379,0.0183,2.4e-05,0.055,0.619,0.003,250
192,RICE2,RICE-2 (Thick Cumulus / Heavy Cloud & Inpainting),1.18,0.4604,0.8473,0.0504,0.0302,0.0756,0.0251,0.0151,0.0377,0.0181,2.4e-05,0.0574,0.607,0.003,250
193,RICE2,RICE-2 (Thick Cumulus / Heavy Cloud & Inpainting),3.05,0.4385,0.877,0.0509,0.0305,0.0764,0.0253,0.0152,0.0379,0.0183,2.4e-05,0.0619,0.618,0.003,250
194,RICE2,RICE-2 (Thick Cumulus / Heavy Cloud & Inpainting),6.91,0.4211,0.8598,0.0521,0.0313,0.0781,0.0257,0.0154,0.0386,0.0187,2.4e-05,0.0596,0.641,0.003,250
195,RICE2,RICE-2 (Thick Cumulus / Heavy Cloud & Inpainting),17.8,0.4357,0.8502,0.0553,0.0332,0.0829,0.0268,0.0161,0.0402,0.0198,2.4e-05,0.0565,0.713,0.003,250
196,RICE2,RICE-2 (Thick Cumulus / Heavy Cloud & Inpainting),2.68,0.3973,0.8691,0.0508,0.0305,0.0762,0.0253,0.0152,0.0379,0.0183,2.4e-05,0.0575,0.616,0.003,250
197,RICE2,RICE-2 (Thick Cumulus / Heavy Cloud & Inpainting),32.36,0.5441,0.8032,0.0604,0.0362,0.0906,0.0282,0.0169,0.0423,0.0212,1.6e-05,0.0513,0.809,0.003,250
198,RICE2,RICE-2 (Thick Cumulus / Heavy Cloud & Inpainting),8.81,0.483,0.829,0.0526,0.0316,0.0789,0.0259,0.0155,0.0388,0.0189,2.4e-05,0.0535,0.653,0.003,250
199,RICE2,RICE-2 (Thick Cumulus / Heavy Cloud & Inpainting),5.63,0.4434,0.8579,0.0517,0.031,0.0776,0.0256,0.0154,0.0384,0.0186,1.6e-05,0.054,0.634,0.003,250
200,RICE2,RICE-2 (Thick Cumulus / Heavy Cloud & Inpainting),8.23,0.4383,0.8473,0.0525,0.0315,0.0788,0.0258,0.0155,0.0387,0.0188,1.6e-05,0.0528,0.649,0.003,250
201,RICE2,RICE-2 (Thick Cumulus / Heavy Cloud & Inpainting),19.41,0.4782,0.8184,0.0558,0.0335,0.0837,0.0269,0.0161,0.0403,0.0199,1.6e-05,0.0515,0.73,0.003,250
202,RICE2,RICE-2 (Thick Cumulus / Heavy Cloud & Inpainting),21.59,0.4944,0.8083,0.0565,0.0339,0.0848,0.0272,0.0163,0.0408,0.0202,2.4e-05,0.0536,0.752,0.003,250
203,RICE2,RICE-2 (Thick Cumulus / Heavy Cloud & Inpainting),0.0,0.4247,0.8784,0.05,0.03,0.075,0.025,0.015,0.0375,0.018,2.4e-05,0.0616,0.6,0.003,250
204,RICE2,RICE-2 (Thick Cumulus / Heavy Cloud & Inpainting),12.23,0.4246,0.8655,0.0537,0.0322,0.0805,0.0262,0.0157,0.0393,0.0192,2.4e-05,0.0583,0.673,0.003,250
205,RICE2,RICE-2 (Thick Cumulus / Heavy Cloud & Inpainting),58.06,0.5401,0.7627,0.068,0.0408,0.102,0.0308,0.0185,0.0462,0.0238,1.6e-05,0.0506,0.977,0.003,250
206,RICE2,RICE-2 (Thick Cumulus / Heavy Cloud & Inpainting),22.47,0.4707,0.8406,0.0567,0.034,0.0851,0.0272,0.0163,0.0408,0.0202,2.4e-05,0.0557,0.743,0.003,250
207,RICE2,RICE-2 (Thick Cumulus / Heavy Cloud & Inpainting),45.24,0.5141,0.7781,0.0638,0.0383,0.0957,0.0295,0.0177,0.0442,0.0225,2.4e-05,0.0511,0.874,0.003,250
208,RICE2,RICE-2 (Thick Cumulus / Heavy Cloud & Inpainting),46.23,0.4856,0.7887,0.0639,0.0383,0.0958,0.0296,0.0178,0.0444,0.0226,2.4e-05,0.0522,0.877,0.003,250
209,RICE2,RICE-2 (Thick Cumulus / Heavy Cloud & Inpainting),69.72,0.4831,0.771,0.0709,0.0425,0.1064,0.032,0.0192,0.048,0.025,2.4e-05,0.0505,1.024,0.003,250
210,RICE2,RICE-2 (Thick Cumulus / Heavy Cloud & Inpainting),51.03,0.4995,0.7779,0.0653,0.0392,0.0979,0.0301,0.0181,0.0451,0.0231,1.6e-05,0.0504,0.921,0.003,250
211,RICE2,RICE-2 (Thick Cumulus / Heavy Cloud & Inpainting),65.61,0.5751,0.7075,0.0708,0.0425,0.1062,0.0316,0.019,0.0474,0.0246,1.6e-05,0.0482,1.02,0.003,250
212,RICE2,RICE-2 (Thick Cumulus / Heavy Cloud & Inpainting),74.6,0.6228,0.6418,0.0742,0.0445,0.1113,0.0325,0.0195,0.0488,0.0255,2.4e-05,0.0486,1.072,0.003,250
213,RICE2,RICE-2 (Thick Cumulus / Heavy Cloud & Inpainting),2.22,0.435,0.8676,0.0507,0.0304,0.0761,0.0252,0.0151,0.0378,0.0182,2.4e-05,0.0608,0.613,0.003,250
214,RICE2,RICE-2 (Thick Cumulus / Heavy Cloud & Inpainting),6.28,0.4269,0.8753,0.0519,0.0311,0.0779,0.0256,0.0154,0.0384,0.0186,2.4e-05,0.0604,0.638,0.003,250
215,RICE2,RICE-2 (Thick Cumulus / Heavy Cloud & Inpainting),55.77,0.5372,0.7679,0.0673,0.0404,0.1009,0.0306,0.0184,0.0459,0.0236,1.6e-05,0.0507,0.949,0.003,250
216,RICE2,RICE-2 (Thick Cumulus / Heavy Cloud & Inpainting),13.26,0.4633,0.8311,0.054,0.0324,0.081,0.0263,0.0158,0.0394,0.0193,2.4e-05,0.0553,0.687,0.003,250
217,RICE2,RICE-2 (Thick Cumulus / Heavy Cloud & Inpainting),96.11,0.554,0.6991,0.0796,0.0478,0.1194,0.0346,0.0208,0.0519,0.0276,2.4e-05,0.0494,1.18,0.003,250
218,RICE2,RICE-2 (Thick Cumulus / Heavy Cloud & Inpainting),98.23,0.516,0.7231,0.0797,0.0478,0.1195,0.0348,0.0209,0.0522,0.0278,2.4e-05,0.0499,1.19,0.003,250
219,RICE2,RICE-2 (Thick Cumulus / Heavy Cloud & Inpainting),92.2,0.4955,0.7489,0.0777,0.0466,0.1166,0.0342,0.0205,0.0513,0.0272,2.4e-05,0.0506,1.153,0.003,250
220,RICE2,RICE-2 (Thick Cumulus / Heavy Cloud & Inpainting),85.15,0.5343,0.7249,0.0761,0.0457,0.1142,0.0335,0.0201,0.0503,0.0265,1.6e-05,0.0489,1.129,0.003,250
221,RICE2,RICE-2 (Thick Cumulus / Heavy Cloud & Inpainting),96.72,0.6964,0.5006,0.08,0.048,0.12,0.0349,0.0209,0.0524,0.0277,2.4e-05,0.0468,1.203,0.003,250
222,RICE2,RICE-2 (Thick Cumulus / Heavy Cloud & Inpainting),8.94,0.4266,0.8592,0.0527,0.0316,0.079,0.0259,0.0155,0.0388,0.0189,2.4e-05,0.0566,0.654,0.003,250
223,RICE2,RICE-2 (Thick Cumulus / Heavy Cloud & Inpainting),3.65,0.4512,0.8616,0.0511,0.0307,0.0766,0.0254,0.0152,0.0381,0.0184,2.4e-05,0.0598,0.622,0.003,250
224,RICE2,RICE-2 (Thick Cumulus / Heavy Cloud & Inpainting),16.63,0.4458,0.8585,0.055,0.033,0.0825,0.0267,0.016,0.0401,0.0197,2.4e-05,0.057,0.709,0.003,250
225,RICE2,RICE-2 (Thick Cumulus / Heavy Cloud & Inpainting),55.63,0.5426,0.7483,0.0673,0.0404,0.1009,0.0306,0.0184,0.0459,0.0236,2.4e-05,0.0504,0.956,0.003,250
226,RICE2,RICE-2 (Thick Cumulus / Heavy Cloud & Inpainting),22.49,0.4689,0.8128,0.0567,0.034,0.0851,0.0272,0.0163,0.0408,0.0202,2.4e-05,0.0543,0.742,0.003,250
227,RICE2,RICE-2 (Thick Cumulus / Heavy Cloud & Inpainting),7.46,0.1598,0.9098,0.0522,0.0313,0.0783,0.0346,0.0208,0.0519,0.0187,2.4e-05,0.0442,0.645,0.003,250
228,RICE2,RICE-2 (Thick Cumulus / Heavy Cloud & Inpainting),36.64,0.3103,0.8674,0.061,0.0366,0.0915,0.0328,0.0197,0.0492,0.0217,2.4e-05,0.0452,0.829,0.003,250
229,RICE2,RICE-2 (Thick Cumulus / Heavy Cloud & Inpainting),57.88,0.403,0.8214,0.0674,0.0404,0.1011,0.0334,0.02,0.0501,0.0238,1.6e-05,0.0453,0.964,0.003,250
230,RICE2,RICE-2 (Thick Cumulus / Heavy Cloud & Inpainting),56.12,0.4054,0.8263,0.0668,0.0401,0.1002,0.0335,0.0201,0.0503,0.0236,1.6e-05,0.0455,0.949,0.003,250
231,RICE2,RICE-2 (Thick Cumulus / Heavy Cloud & Inpainting),25.2,0.2585,0.8675,0.0576,0.0346,0.0864,0.0326,0.0196,0.0489,0.0205,2.4e-05,0.045,0.758,0.003,250
232,RICE2,RICE-2 (Thick Cumulus / Heavy Cloud & Inpainting),54.8,0.3909,0.815,0.0664,0.0398,0.0996,0.0333,0.02,0.05,0.0235,1.6e-05,0.0453,0.957,0.003,250
233,RICE2,RICE-2 (Thick Cumulus / Heavy Cloud & Inpainting),47.26,0.3512,0.8347,0.0642,0.0385,0.0963,0.0325,0.0195,0.0488,0.0227,1.6e-05,0.045,0.897,0.003,250
234,RICE2,RICE-2 (Thick Cumulus / Heavy Cloud & Inpainting),9.31,0.1966,0.8752,0.0528,0.0317,0.0792,0.0313,0.0188,0.047,0.0189,2.4e-05,0.0439,0.667,0.003,250
235,RICE2,RICE-2 (Thick Cumulus / Heavy Cloud & Inpainting),9.04,0.1946,0.876,0.0527,0.0316,0.079,0.0304,0.0182,0.0456,0.0189,2.4e-05,0.0439,0.654,0.003,250
236,RICE2,RICE-2 (Thick Cumulus / Heavy Cloud & Inpainting),58.27,0.4236,0.7975,0.0675,0.0405,0.1013,0.0341,0.0205,0.0512,0.0238,1.6e-05,0.0457,0.96,0.003,250
237,RICE2,RICE-2 (Thick Cumulus / Heavy Cloud & Inpainting),52.76,0.391,0.8281,0.0658,0.0395,0.0987,0.0332,0.0199,0.0498,0.0233,1.6e-05,0.0454,0.929,0.003,250
238,RICE2,RICE-2 (Thick Cumulus / Heavy Cloud & Inpainting),15.2,0.2023,0.8988,0.0546,0.0328,0.0819,0.0325,0.0195,0.0488,0.0195,2.4e-05,0.0444,0.705,0.003,250
239,RICE2,RICE-2 (Thick Cumulus / Heavy Cloud & Inpainting),36.66,0.2938,0.8559,0.061,0.0366,0.0915,0.0317,0.019,0.0475,0.0217,2.4e-05,0.0447,0.828,0.003,250
240,RICE2,RICE-2 (Thick Cumulus / Heavy Cloud & Inpainting),40.65,0.3273,0.8338,0.0622,0.0373,0.0933,0.0324,0.0194,0.0486,0.0221,2.4e-05,0.045,0.858,0.003,250
241,RICE2,RICE-2 (Thick Cumulus / Heavy Cloud & Inpainting),77.5,0.4926,0.7369,0.0733,0.044,0.11,0.0347,0.0208,0.052,0.0258,1.6e-05,0.0453,1.081,0.003,250
242,RICE2,RICE-2 (Thick Cumulus / Heavy Cloud & Inpainting),64.55,0.4642,0.7545,0.0694,0.0416,0.1041,0.0347,0.0208,0.052,0.0245,2.4e-05,0.0458,1.004,0.003,250
243,RICE2,RICE-2 (Thick Cumulus / Heavy Cloud & Inpainting),6.05,0.1772,0.8829,0.0518,0.0311,0.0777,0.0313,0.0188,0.047,0.0186,2.4e-05,0.0437,0.636,0.003,250
244,RICE2,RICE-2 (Thick Cumulus / Heavy Cloud & Inpainting),7.11,0.1879,0.8825,0.0521,0.0313,0.0781,0.0306,0.0184,0.0459,0.0187,2.4e-05,0.0439,0.643,0.003,250
245,RICE2,RICE-2 (Thick Cumulus / Heavy Cloud & Inpainting),28.93,0.2805,0.8584,0.0587,0.0352,0.0881,0.0324,0.0194,0.0486,0.0209,2.4e-05,0.0451,0.786,0.003,250
246,RICE2,RICE-2 (Thick Cumulus / Heavy Cloud & Inpainting),13.23,0.1879,0.9006,0.054,0.0324,0.081,0.0323,0.0194,0.0485,0.0193,2.4e-05,0.0442,0.679,0.003,250
247,RICE2,RICE-2 (Thick Cumulus / Heavy Cloud & Inpainting),8.94,0.1764,0.8948,0.0527,0.0316,0.079,0.0332,0.0199,0.0498,0.0189,2.4e-05,0.0443,0.656,0.003,250
248,RICE2,RICE-2 (Thick Cumulus / Heavy Cloud & Inpainting),13.69,0.1905,0.8933,0.0541,0.0325,0.0811,0.0322,0.0193,0.0483,0.0194,2.4e-05,0.0441,0.682,0.003,250
249,RICE2,RICE-2 (Thick Cumulus / Heavy Cloud & Inpainting),72.96,0.4202,0.7891,0.0719,0.0431,0.1079,0.0337,0.0202,0.0505,0.0253,1.6e-05,0.0448,1.043,0.003,250
250,RICE2,RICE-2 (Thick Cumulus / Heavy Cloud & Inpainting),98.05,0.6257,0.6542,0.08,0.048,0.12,0.0364,0.0218,0.0546,0.0278,1.6e-05,0.0455,1.207,0.003,250
251,RICE2,RICE-2 (Thick Cumulus / Heavy Cloud & Inpainting),89.96,0.5647,0.6922,0.078,0.0468,0.117,0.0356,0.0214,0.0534,0.027,1.6e-05,0.0454,1.15,0.003,250
252,RICE2,RICE-2 (Thick Cumulus / Heavy Cloud & Inpainting),40.52,0.3153,0.8471,0.0622,0.0373,0.0933,0.0324,0.0194,0.0486,0.0221,2.4e-05,0.045,0.852,0.003,250
253,RICE2,RICE-2 (Thick Cumulus / Heavy Cloud & Inpainting),28.26,0.2533,0.8748,0.0585,0.0351,0.0878,0.031,0.0186,0.0465,0.0208,2.4e-05,0.0443,0.77,0.003,250
254,RICE2,RICE-2 (Thick Cumulus / Heavy Cloud & Inpainting),4.91,0.151,0.9143,0.0515,0.0309,0.0772,0.0344,0.0206,0.0516,0.0185,2.4e-05,0.044,0.629,0.003,250
255,RICE2,RICE-2 (Thick Cumulus / Heavy Cloud & Inpainting),4.25,0.1565,0.8992,0.0513,0.0308,0.0769,0.034,0.0204,0.051,0.0184,2.4e-05,0.0441,0.626,0.003,250
256,RICE2,RICE-2 (Thick Cumulus / Heavy Cloud & Inpainting),26.56,0.2244,0.8699,0.058,0.0348,0.087,0.0315,0.0189,0.0473,0.0207,2.4e-05,0.0441,0.759,0.003,250
257,RICE2,RICE-2 (Thick Cumulus / Heavy Cloud & Inpainting),14.75,0.1997,0.8917,0.0544,0.0326,0.0816,0.0317,0.019,0.0475,0.0195,2.4e-05,0.0442,0.688,0.003,250
258,RICE2,RICE-2 (Thick Cumulus / Heavy Cloud & Inpainting),49.45,0.3392,0.8266,0.0648,0.0389,0.0972,0.0327,0.0196,0.049,0.0229,2.4e-05,0.045,0.909,0.003,250
259,RICE2,RICE-2 (Thick Cumulus / Heavy Cloud & Inpainting),57.02,0.3786,0.8015,0.0671,0.0403,0.1007,0.0326,0.0196,0.0489,0.0237,1.6e-05,0.0448,0.954,0.003,250
260,RICE2,RICE-2 (Thick Cumulus / Heavy Cloud & Inpainting),75.14,0.4857,0.7809,0.0725,0.0435,0.1087,0.0347,0.0208,0.052,0.0255,1.6e-05,0.0454,1.068,0.003,250
261,RICE2,RICE-2 (Thick Cumulus / Heavy Cloud & Inpainting),62.07,0.395,0.8125,0.0686,0.0412,0.1029,0.0343,0.0206,0.0514,0.0242,1.6e-05,0.0455,0.976,0.003,250
262,RICE2,RICE-2 (Thick Cumulus / Heavy Cloud & Inpainting),36.9,0.2872,0.8561,0.0611,0.0367,0.0917,0.0314,0.0188,0.0471,0.0217,2.4e-05,0.0445,0.821,0.003,250
263,RICE2,RICE-2 (Thick Cumulus / Heavy Cloud & Inpainting),11.45,0.1824,0.8916,0.0534,0.032,0.0801,0.0325,0.0195,0.0488,0.0191,2.4e-05,0.0442,0.669,0.003,250
264,RICE2,RICE-2 (Thick Cumulus / Heavy Cloud & Inpainting),18.95,0.1756,0.8888,0.0557,0.0334,0.0835,0.0334,0.02,0.0501,0.0199,2.4e-05,0.044,0.714,0.003,250
265,RICE2,RICE-2 (Thick Cumulus / Heavy Cloud & Inpainting),6.56,0.1597,0.8952,0.052,0.0312,0.078,0.0339,0.0203,0.0508,0.0187,2.4e-05,0.0441,0.639,0.003,250
266,RICE2,RICE-2 (Thick Cumulus / Heavy Cloud & Inpainting),7.96,0.1741,0.8866,0.0524,0.0314,0.0786,0.0324,0.0194,0.0486,0.0188,2.4e-05,0.044,0.648,0.003,250
267,RICE2,RICE-2 (Thick Cumulus / Heavy Cloud & Inpainting),11.65,0.2023,0.8666,0.0535,0.0321,0.0803,0.0317,0.019,0.0475,0.0192,2.4e-05,0.0445,0.67,0.003,250
268,RICE2,RICE-2 (Thick Cumulus / Heavy Cloud & Inpainting),35.91,0.2793,0.8571,0.0608,0.0365,0.0912,0.0315,0.0189,0.0473,0.0216,2.4e-05,0.0445,0.818,0.003,250
269,RICE2,RICE-2 (Thick Cumulus / Heavy Cloud & Inpainting),63.17,0.3542,0.8243,0.0689,0.0413,0.1033,0.0334,0.02,0.0501,0.0243,1.6e-05,0.0448,0.992,0.003,250
270,RICE2,RICE-2 (Thick Cumulus / Heavy Cloud & Inpainting),47.83,0.2698,0.8522,0.0643,0.0386,0.0964,0.0328,0.0197,0.0492,0.0228,2.4e-05,0.0445,0.887,0.003,250
271,RICE2,RICE-2 (Thick Cumulus / Heavy Cloud & Inpainting),47.27,0.2719,0.8523,0.0642,0.0385,0.0963,0.0323,0.0194,0.0485,0.0227,2.4e-05,0.0444,0.884,0.003,250
272,RICE2,RICE-2 (Thick Cumulus / Heavy Cloud & Inpainting),24.69,0.232,0.8804,0.0574,0.0344,0.0861,0.0318,0.0191,0.0477,0.0205,2.4e-05,0.0444,0.749,0.003,250
273,RICE2,RICE-2 (Thick Cumulus / Heavy Cloud & Inpainting),35.84,0.23,0.8671,0.0608,0.0365,0.0912,0.0327,0.0196,0.049,0.0216,2.4e-05,0.0443,0.815,0.003,250
274,RICE2,RICE-2 (Thick Cumulus / Heavy Cloud & Inpainting),31.14,0.2172,0.869,0.0593,0.0356,0.089,0.0327,0.0196,0.049,0.0211,2.4e-05,0.0443,0.79,0.003,250
275,RICE2,RICE-2 (Thick Cumulus / Heavy Cloud & Inpainting),14.61,0.2011,0.8798,0.0544,0.0326,0.0816,0.032,0.0192,0.048,0.0195,2.4e-05,0.0443,0.688,0.003,250
276,RICE2,RICE-2 (Thick Cumulus / Heavy Cloud & Inpainting),13.79,0.2056,0.8572,0.0541,0.0325,0.0811,0.0315,0.0189,0.0473,0.0194,2.4e-05,0.0445,0.683,0.003,250
277,RICE2,RICE-2 (Thick Cumulus / Heavy Cloud & Inpainting),4.87,0.1804,0.8745,0.0515,0.0309,0.0772,0.0311,0.0187,0.0466,0.0185,2.4e-05,0.0438,0.629,0.003,250
278,RICE2,RICE-2 (Thick Cumulus / Heavy Cloud & Inpainting),29.64,0.2101,0.8421,0.0589,0.0353,0.0883,0.0324,0.0194,0.0486,0.021,2.4e-05,0.044,0.778,0.003,250
279,RICE2,RICE-2 (Thick Cumulus / Heavy Cloud & Inpainting),43.4,0.224,0.8462,0.063,0.0378,0.0945,0.0332,0.0199,0.0498,0.0223,2.4e-05,0.0442,0.86,0.003,250
280,RICE2,RICE-2 (Thick Cumulus / Heavy Cloud & Inpainting),21.66,0.2315,0.864,0.0565,0.0339,0.0848,0.0301,0.0181,0.0451,0.0202,2.4e-05,0.0439,0.73,0.003,250
281,RICE2,RICE-2 (Thick Cumulus / Heavy Cloud & Inpainting),12.48,0.1798,0.9008,0.0537,0.0322,0.0805,0.0327,0.0196,0.049,0.0192,2.4e-05,0.0442,0.675,0.003,250
282,RICE2,RICE-2 (Thick Cumulus / Heavy Cloud & Inpainting),30.85,0.2414,0.8589,0.0593,0.0356,0.089,0.0327,0.0196,0.049,0.0211,2.4e-05,0.0448,0.785,0.003,250
283,RICE2,RICE-2 (Thick Cumulus / Heavy Cloud & Inpainting),53.14,0.3353,0.8268,0.0659,0.0395,0.0988,0.0333,0.02,0.05,0.0233,2.4e-05,0.0451,0.923,0.003,250
284,RICE2,RICE-2 (Thick Cumulus / Heavy Cloud & Inpainting),51.18,0.2861,0.8289,0.0654,0.0392,0.0981,0.0337,0.0202,0.0505,0.0231,2.4e-05,0.0451,0.907,0.003,250
285,RICE2,RICE-2 (Thick Cumulus / Heavy Cloud & Inpainting),70.79,0.2882,0.8152,0.0712,0.0427,0.1068,0.0352,0.0211,0.0528,0.0251,2.4e-05,0.0448,1.025,0.003,250
286,RICE2,RICE-2 (Thick Cumulus / Heavy Cloud & Inpainting),29.53,0.2174,0.8546,0.0589,0.0353,0.0883,0.0322,0.0193,0.0483,0.021,2.4e-05,0.0442,0.777,0.003,250
287,RICE2,RICE-2 (Thick Cumulus / Heavy Cloud & Inpainting),13.64,0.1983,0.854,0.0541,0.0325,0.0811,0.0311,0.0187,0.0466,0.0194,2.4e-05,0.0439,0.682,0.003,250
288,RICE2,RICE-2 (Thick Cumulus / Heavy Cloud & Inpainting),64.14,0.242,0.8295,0.0692,0.0415,0.1038,0.035,0.021,0.0525,0.0244,2.4e-05,0.0445,0.985,0.003,250
289,RICE2,RICE-2 (Thick Cumulus / Heavy Cloud & Inpainting),40.18,0.2307,0.8465,0.0621,0.0373,0.0932,0.032,0.0192,0.048,0.022,2.4e-05,0.0441,0.841,0.003,250
290,RICE2,RICE-2 (Thick Cumulus / Heavy Cloud & Inpainting),5.73,0.6067,0.5329,0.0533,0.032,0.0799,0.0256,0.0154,0.0384,0.0186,2.4e-05,0.0434,0.656,0.003,250
291,RICE2,RICE-2 (Thick Cumulus / Heavy Cloud & Inpainting),2.97,0.6725,0.4678,0.0535,0.0321,0.0803,0.0253,0.0152,0.0379,0.0183,2.4e-05,0.0437,0.629,0.003,250
292,RICE2,RICE-2 (Thick Cumulus / Heavy Cloud & Inpainting),0.0,0.7005,0.438,0.053,0.0318,0.0795,0.025,0.015,0.0375,0.018,2.4e-05,0.0441,0.614,0.003,250
293,RICE2,RICE-2 (Thick Cumulus / Heavy Cloud & Inpainting),0.0,0.6123,0.5158,0.0517,0.031,0.0776,0.025,0.015,0.0375,0.018,2.4e-05,0.0436,0.603,0.003,250
294,RICE2,RICE-2 (Thick Cumulus / Heavy Cloud & Inpainting),1.14,0.5655,0.5439,0.0513,0.0308,0.0769,0.0251,0.0151,0.0377,0.0181,2.4e-05,0.0433,0.607,0.003,250
295,RICE2,RICE-2 (Thick Cumulus / Heavy Cloud & Inpainting),6.17,0.6429,0.4906,0.054,0.0324,0.081,0.0256,0.0154,0.0384,0.0186,2.4e-05,0.0438,0.64,0.003,250
296,RICE2,RICE-2 (Thick Cumulus / Heavy Cloud & Inpainting),0.49,0.6739,0.4765,0.0528,0.0317,0.0792,0.025,0.015,0.0375,0.018,2.4e-05,0.044,0.606,0.003,250
297,RICE2,RICE-2 (Thick Cumulus / Heavy Cloud & Inpainting),0.62,0.5774,0.5536,0.0513,0.0308,0.0769,0.0251,0.0151,0.0377,0.0181,2.4e-05,0.0435,0.604,0.003,250
298,RICE2,RICE-2 (Thick Cumulus / Heavy Cloud & Inpainting),42.53,0.596,0.5141,0.0642,0.0385,0.0963,0.0293,0.0176,0.044,0.0223,2.4e-05,0.0443,0.855,0.003,250
299,RICE2,RICE-2 (Thick Cumulus / Heavy Cloud & Inpainting),79.03,0.6027,0.4796,0.0752,0.0451,0.1128,0.0329,0.0197,0.0493,0.0259,2.4e-05,0.0452,1.074,0.003,250
300,RICE2,RICE-2 (Thick Cumulus / Heavy Cloud & Inpainting),0.0,0.6738,0.468,0.0526,0.0316,0.0789,0.025,0.015,0.0375,0.018,2.4e-05,0.0438,0.613,0.003,250
301,RICE2,RICE-2 (Thick Cumulus / Heavy Cloud & Inpainting),0.0,0.7453,0.3874,0.0537,0.0322,0.0805,0.025,0.015,0.0375,0.018,2.4e-05,0.0442,0.618,0.003,250
302,RICE2,RICE-2 (Thick Cumulus / Heavy Cloud & Inpainting),2.29,0.7477,0.3842,0.0544,0.0326,0.0816,0.0252,0.0151,0.0378,0.0182,2.4e-05,0.0442,0.633,0.003,250
303,RICE2,RICE-2 (Thick Cumulus / Heavy Cloud & Inpainting),1.4,0.723,0.4044,0.0538,0.0323,0.0807,0.0251,0.0151,0.0377,0.0181,2.4e-05,0.0441,0.62,0.003,250
304,RICE2,RICE-2 (Thick Cumulus / Heavy Cloud & Inpainting),0.86,0.6954,0.4351,0.0532,0.0319,0.0798,0.0251,0.0151,0.0377,0.0181,2.4e-05,0.0441,0.61,0.003,250
305,RICE2,RICE-2 (Thick Cumulus / Heavy Cloud & Inpainting),0.38,0.6649,0.4827,0.0526,0.0316,0.0789,0.025,0.015,0.0375,0.018,2.4e-05,0.0439,0.604,0.003,250
306,RICE2,RICE-2 (Thick Cumulus / Heavy Cloud & Inpainting),0.58,0.6678,0.4785,0.0527,0.0316,0.079,0.0251,0.0151,0.0377,0.0181,2.4e-05,0.0439,0.603,0.003,250
307,RICE2,RICE-2 (Thick Cumulus / Heavy Cloud & Inpainting),33.12,0.5954,0.5229,0.0614,0.0368,0.0921,0.0283,0.017,0.0425,0.0213,2.4e-05,0.0435,0.799,0.003,250
308,RICE2,RICE-2 (Thick Cumulus / Heavy Cloud & Inpainting),79.57,0.6336,0.4804,0.0759,0.0455,0.1138,0.033,0.0198,0.0495,0.026,2.4e-05,0.0441,1.077,0.003,250
309,RICE2,RICE-2 (Thick Cumulus / Heavy Cloud & Inpainting),73.59,0.6273,0.4723,0.074,0.0444,0.111,0.0324,0.0194,0.0486,0.0254,2.4e-05,0.0445,1.042,0.003,250
310,RICE2,RICE-2 (Thick Cumulus / Heavy Cloud & Inpainting),1.27,0.6574,0.4815,0.0527,0.0316,0.079,0.0251,0.0151,0.0377,0.0181,2.4e-05,0.0436,0.621,0.003,250
311,RICE2,RICE-2 (Thick Cumulus / Heavy Cloud & Inpainting),26.45,0.7327,0.3874,0.0614,0.0368,0.0921,0.0276,0.0166,0.0414,0.0206,2.4e-05,0.0444,0.773,0.003,250
312,RICE2,RICE-2 (Thick Cumulus / Heavy Cloud & Inpainting),81.46,0.7191,0.3914,0.0777,0.0466,0.1166,0.0331,0.0199,0.0496,0.0261,2.4e-05,0.0446,1.107,0.003,250
313,RICE2,RICE-2 (Thick Cumulus / Heavy Cloud & Inpainting),8.1,0.7384,0.3869,0.056,0.0336,0.084,0.0258,0.0155,0.0387,0.0188,2.4e-05,0.0443,0.666,0.003,250
314,RICE2,RICE-2 (Thick Cumulus / Heavy Cloud & Inpainting),35.39,0.7271,0.3943,0.064,0.0384,0.096,0.0285,0.0171,0.0428,0.0215,2.4e-05,0.0443,0.822,0.003,250
315,RICE2,RICE-2 (Thick Cumulus / Heavy Cloud & Inpainting),9.94,0.7202,0.4056,0.0563,0.0338,0.0844,0.026,0.0156,0.039,0.019,2.4e-05,0.0442,0.669,0.003,250
316,RICE2,RICE-2 (Thick Cumulus / Heavy Cloud & Inpainting),0.1,0.6698,0.4703,0.0526,0.0316,0.0789,0.025,0.015,0.0375,0.018,2.4e-05,0.0439,0.604,0.003,250
317,RICE2,RICE-2 (Thick Cumulus / Heavy Cloud & Inpainting),15.42,0.6038,0.5258,0.0562,0.0337,0.0843,0.0265,0.0159,0.0398,0.0195,2.4e-05,0.0435,0.693,0.003,250
318,RICE2,RICE-2 (Thick Cumulus / Heavy Cloud & Inpainting),32.48,0.674,0.467,0.0624,0.0374,0.0936,0.0282,0.0169,0.0423,0.0212,2.4e-05,0.0439,0.795,0.003,250
319,RICE2,RICE-2 (Thick Cumulus / Heavy Cloud & Inpainting),25.15,0.6493,0.4858,0.0598,0.0359,0.0897,0.0275,0.0165,0.0413,0.0205,2.4e-05,0.0439,0.751,0.003,250
320,RICE2,RICE-2 (Thick Cumulus / Heavy Cloud & Inpainting),67.87,0.7015,0.415,0.0734,0.044,0.1101,0.0318,0.0191,0.0477,0.0248,2.4e-05,0.0444,1.017,0.003,250
321,RICE2,RICE-2 (Thick Cumulus / Heavy Cloud & Inpainting),86.33,0.7295,0.3818,0.0793,0.0476,0.119,0.0336,0.0202,0.0504,0.0266,2.4e-05,0.0448,1.138,0.003,250
322,RICE2,RICE-2 (Thick Cumulus / Heavy Cloud & Inpainting),72.54,0.7421,0.3736,0.0754,0.0452,0.1131,0.0323,0.0194,0.0485,0.0253,2.4e-05,0.0447,1.054,0.003,250
323,RICE2,RICE-2 (Thick Cumulus / Heavy Cloud & Inpainting),26.49,0.7345,0.3915,0.0615,0.0369,0.0922,0.0276,0.0166,0.0414,0.0206,2.4e-05,0.0445,0.78,0.003,250
324,RICE2,RICE-2 (Thick Cumulus / Heavy Cloud & Inpainting),86.79,0.7276,0.3847,0.0795,0.0477,0.1192,0.0337,0.0202,0.0505,0.0267,2.4e-05,0.0447,1.136,0.003,250
325,RICE2,RICE-2 (Thick Cumulus / Heavy Cloud & Inpainting),3.18,0.7371,0.3938,0.0545,0.0327,0.0818,0.0253,0.0152,0.0379,0.0183,2.4e-05,0.0441,0.632,0.003,250
326,RICE2,RICE-2 (Thick Cumulus / Heavy Cloud & Inpainting),2.33,0.7018,0.4254,0.0537,0.0322,0.0805,0.0252,0.0151,0.0378,0.0182,2.4e-05,0.0438,0.616,0.003,250
327,RICE2,RICE-2 (Thick Cumulus / Heavy Cloud & Inpainting),8.55,0.6325,0.4975,0.0546,0.0328,0.0819,0.0259,0.0155,0.0388,0.0189,2.4e-05,0.0437,0.651,0.003,250
328,RICE2,RICE-2 (Thick Cumulus / Heavy Cloud & Inpainting),43.43,0.608,0.5259,0.0646,0.0388,0.0969,0.0293,0.0176,0.044,0.0223,2.4e-05,0.0439,0.861,0.003,250
329,RICE2,RICE-2 (Thick Cumulus / Heavy Cloud & Inpainting),58.31,0.6027,0.5091,0.069,0.0414,0.1035,0.0308,0.0185,0.0462,0.0238,2.4e-05,0.0449,0.95,0.003,250
330,RICE2,RICE-2 (Thick Cumulus / Heavy Cloud & Inpainting),88.22,0.7194,0.395,0.0798,0.0479,0.1197,0.0338,0.0203,0.0507,0.0268,2.4e-05,0.0447,1.148,0.003,250
331,RICE2,RICE-2 (Thick Cumulus / Heavy Cloud & Inpainting),59.0,0.7491,0.3723,0.0714,0.0428,0.1071,0.0309,0.0185,0.0464,0.0239,2.4e-05,0.0446,0.972,0.003,250
332,RICE2,RICE-2 (Thick Cumulus / Heavy Cloud & Inpainting),18.33,0.7622,0.3693,0.0594,0.0356,0.0891,0.0268,0.0161,0.0402,0.0198,2.4e-05,0.0445,0.727,0.003,250
333,RICE2,RICE-2 (Thick Cumulus / Heavy Cloud & Inpainting),56.81,0.7017,0.4136,0.0701,0.0421,0.1051,0.0307,0.0184,0.0461,0.0237,2.4e-05,0.0448,0.959,0.003,250
334,RICE2,RICE-2 (Thick Cumulus / Heavy Cloud & Inpainting),56.98,0.7403,0.3842,0.0707,0.0424,0.1061,0.0307,0.0184,0.0461,0.0237,2.4e-05,0.0445,0.956,0.003,250
335,RICE2,RICE-2 (Thick Cumulus / Heavy Cloud & Inpainting),3.15,0.7276,0.4055,0.0544,0.0326,0.0816,0.0253,0.0152,0.0379,0.0183,2.4e-05,0.044,0.632,0.003,250
336,RICE2,RICE-2 (Thick Cumulus / Heavy Cloud & Inpainting),53.25,0.6644,0.4482,0.0684,0.041,0.1026,0.0303,0.0182,0.0455,0.0233,2.4e-05,0.0441,0.922,0.003,250
337,RICE2,RICE-2 (Thick Cumulus / Heavy Cloud & Inpainting),38.74,0.6063,0.518,0.0632,0.0379,0.0948,0.0289,0.0173,0.0433,0.0219,2.4e-05,0.0436,0.832,0.003,250
338,RICE2,RICE-2 (Thick Cumulus / Heavy Cloud & Inpainting),20.8,0.5915,0.535,0.0576,0.0346,0.0864,0.0271,0.0163,0.0406,0.0201,2.4e-05,0.0439,0.725,0.003,250
339,RICE2,RICE-2 (Thick Cumulus / Heavy Cloud & Inpainting),80.28,0.6105,0.4973,0.0757,0.0454,0.1136,0.0341,0.0205,0.0512,0.026,2.4e-05,0.046,1.086,0.003,250
340,RICE2,RICE-2 (Thick Cumulus / Heavy Cloud & Inpainting),56.02,0.7443,0.3784,0.0705,0.0423,0.1057,0.0306,0.0184,0.0459,0.0236,2.4e-05,0.0445,0.953,0.003,250
341,RICE2,RICE-2 (Thick Cumulus / Heavy Cloud & Inpainting),10.86,0.7618,0.365,0.0572,0.0343,0.0858,0.0261,0.0157,0.0392,0.0191,2.4e-05,0.0445,0.684,0.003,250
342,RICE2,RICE-2 (Thick Cumulus / Heavy Cloud & Inpainting),53.41,0.7184,0.4013,0.0693,0.0416,0.104,0.0303,0.0182,0.0455,0.0233,2.4e-05,0.0446,0.936,0.003,250
343,RICE2,RICE-2 (Thick Cumulus / Heavy Cloud & Inpainting),85.38,0.7073,0.4075,0.0787,0.0472,0.1181,0.0335,0.0201,0.0503,0.0265,2.4e-05,0.0447,1.121,0.003,250
344,RICE2,RICE-2 (Thick Cumulus / Heavy Cloud & Inpainting),39.89,0.7174,0.4103,0.0652,0.0391,0.0978,0.029,0.0174,0.0435,0.022,2.4e-05,0.0442,0.853,0.003,250
345,RICE2,RICE-2 (Thick Cumulus / Heavy Cloud & Inpainting),5.33,0.7057,0.4209,0.0547,0.0328,0.082,0.0255,0.0153,0.0382,0.0185,2.4e-05,0.0439,0.641,0.003,250
346,RICE2,RICE-2 (Thick Cumulus / Heavy Cloud & Inpainting),1.4,0.7032,0.4221,0.0535,0.0321,0.0803,0.0251,0.0151,0.0377,0.0181,2.4e-05,0.0436,0.611,0.003,250
347,RICE2,RICE-2 (Thick Cumulus / Heavy Cloud & Inpainting),1.66,0.6275,0.5123,0.0524,0.0314,0.0786,0.0252,0.0151,0.0378,0.0182,2.4e-05,0.0434,0.61,0.003,250
348,RICE2,RICE-2 (Thick Cumulus / Heavy Cloud & Inpainting),27.12,0.611,0.5095,0.0598,0.0359,0.0897,0.0277,0.0166,0.0415,0.0207,2.4e-05,0.0442,0.763,0.003,250
349,RICE2,RICE-2 (Thick Cumulus / Heavy Cloud & Inpainting),89.1,0.6675,0.4466,0.0792,0.0475,0.1188,0.0339,0.0203,0.0508,0.0269,2.4e-05,0.0451,1.141,0.003,250
350,RICE2,RICE-2 (Thick Cumulus / Heavy Cloud & Inpainting),27.08,0.7743,0.3567,0.0622,0.0373,0.0933,0.0277,0.0166,0.0415,0.0207,2.4e-05,0.0445,0.784,0.003,250
351,RICE2,RICE-2 (Thick Cumulus / Heavy Cloud & Inpainting),31.68,0.7189,0.4003,0.0628,0.0377,0.0942,0.0282,0.0169,0.0423,0.0212,2.4e-05,0.0446,0.81,0.003,250
352,RICE2,RICE-2 (Thick Cumulus / Heavy Cloud & Inpainting),76.65,0.7364,0.384,0.0765,0.0459,0.1147,0.0327,0.0196,0.049,0.0257,2.4e-05,0.0446,1.074,0.003,250
353,RICE2,RICE-2 (Thick Cumulus / Heavy Cloud & Inpainting),5.31,0.7019,0.4354,0.0546,0.0328,0.0819,0.0255,0.0153,0.0382,0.0185,2.4e-05,0.0442,0.646,0.003,250
354,RICE2,RICE-2 (Thick Cumulus / Heavy Cloud & Inpainting),2.57,0.6973,0.4527,0.0537,0.0322,0.0805,0.0253,0.0152,0.0379,0.0183,2.4e-05,0.0441,0.622,0.003,250
355,RICE2,RICE-2 (Thick Cumulus / Heavy Cloud & Inpainting),0.0,0.6844,0.4477,0.0528,0.0317,0.0792,0.025,0.015,0.0375,0.018,2.4e-05,0.0439,0.602,0.003,250
356,RICE2,RICE-2 (Thick Cumulus / Heavy Cloud & Inpainting),0.0,0.7056,0.4229,0.0531,0.0319,0.0796,0.025,0.015,0.0375,0.018,2.4e-05,0.0438,0.604,0.003,250
357,RICE2,RICE-2 (Thick Cumulus / Heavy Cloud & Inpainting),4.92,0.6444,0.5016,0.0536,0.0322,0.0804,0.0255,0.0153,0.0382,0.0185,2.4e-05,0.0439,0.633,0.003,250
358,RICE2,RICE-2 (Thick Cumulus / Heavy Cloud & Inpainting),63.89,0.648,0.4666,0.0714,0.0428,0.1071,0.0314,0.0188,0.0471,0.0244,2.4e-05,0.0445,0.992,0.003,250
359,RICE2,RICE-2 (Thick Cumulus / Heavy Cloud & Inpainting),77.2,0.6876,0.4358,0.076,0.0456,0.114,0.0327,0.0196,0.049,0.0257,2.4e-05,0.0443,1.068,0.003,250
360,RICE2,RICE-2 (Thick Cumulus / Heavy Cloud & Inpainting),88.69,0.7076,0.4076,0.0797,0.0478,0.1195,0.0339,0.0203,0.0508,0.0269,2.4e-05,0.0447,1.148,0.003,250
361,RICE2,RICE-2 (Thick Cumulus / Heavy Cloud & Inpainting),74.1,0.657,0.4643,0.0746,0.0448,0.1119,0.0324,0.0194,0.0486,0.0254,2.4e-05,0.0447,1.057,0.003,250
362,RICE2,RICE-2 (Thick Cumulus / Heavy Cloud & Inpainting),19.78,0.7387,0.3965,0.0595,0.0357,0.0892,0.027,0.0162,0.0405,0.02,2.4e-05,0.0443,0.734,0.003,250
363,RICE2,RICE-2 (Thick Cumulus / Heavy Cloud & Inpainting),1.9,0.6409,0.4856,0.0527,0.0316,0.079,0.0252,0.0151,0.0378,0.0182,2.4e-05,0.0441,0.617,0.003,250
364,RICE2,RICE-2 (Thick Cumulus / Heavy Cloud & Inpainting),0.0,0.5951,0.5445,0.0514,0.0308,0.0771,0.025,0.015,0.0375,0.018,2.4e-05,0.0438,0.606,0.003,250
365,RICE2,RICE-2 (Thick Cumulus / Heavy Cloud & Inpainting),0.93,0.7054,0.4361,0.0534,0.032,0.0801,0.0251,0.0151,0.0377,0.0181,2.4e-05,0.0441,0.618,0.003,250
366,RICE2,RICE-2 (Thick Cumulus / Heavy Cloud & Inpainting),0.18,0.7302,0.408,0.0535,0.0321,0.0803,0.025,0.015,0.0375,0.018,2.4e-05,0.0442,0.613,0.003,250
367,RICE2,RICE-2 (Thick Cumulus / Heavy Cloud & Inpainting),29.47,0.6667,0.4677,0.0613,0.0368,0.092,0.0279,0.0167,0.0418,0.0209,2.4e-05,0.0445,0.785,0.003,250
368,RICE2,RICE-2 (Thick Cumulus / Heavy Cloud & Inpainting),69.82,0.6923,0.4265,0.0738,0.0443,0.1107,0.032,0.0192,0.048,0.025,2.4e-05,0.0451,1.047,0.003,250
369,RICE2,RICE-2 (Thick Cumulus / Heavy Cloud & Inpainting),47.49,0.7209,0.4154,0.0676,0.0406,0.1014,0.0297,0.0178,0.0445,0.0227,2.4e-05,0.0443,0.906,0.003,250
370,RICE2,RICE-2 (Thick Cumulus / Heavy Cloud & Inpainting),95.99,0.6984,0.4074,0.08,0.048,0.12,0.0346,0.0208,0.0519,0.0276,2.4e-05,0.0448,1.188,0.003,250
371,RICE2,RICE-2 (Thick Cumulus / Heavy Cloud & Inpainting),63.81,0.6675,0.4464,0.0717,0.043,0.1076,0.0314,0.0188,0.0471,0.0244,2.4e-05,0.0445,1.0,0.003,250
372,RICE2,RICE-2 (Thick Cumulus / Heavy Cloud & Inpainting),0.02,0.7208,0.4167,0.0533,0.032,0.0799,0.025,0.015,0.0375,0.018,2.4e-05,0.0442,0.616,0.003,250
373,RICE2,RICE-2 (Thick Cumulus / Heavy Cloud & Inpainting),0.0,0.6194,0.5133,0.0518,0.0311,0.0777,0.025,0.015,0.0375,0.018,2.4e-05,0.0439,0.6,0.003,250
374,RICE2,RICE-2 (Thick Cumulus / Heavy Cloud & Inpainting),0.1,0.6361,0.5091,0.0521,0.0313,0.0781,0.025,0.015,0.0375,0.018,2.4e-05,0.044,0.604,0.003,250
375,RICE2,RICE-2 (Thick Cumulus / Heavy Cloud & Inpainting),8.54,0.7011,0.4556,0.0556,0.0334,0.0834,0.0259,0.0155,0.0388,0.0189,2.4e-05,0.0443,0.66,0.003,250
376,RICE2,RICE-2 (Thick Cumulus / Heavy Cloud & Inpainting),20.47,0.7055,0.4444,0.0592,0.0355,0.0888,0.027,0.0162,0.0405,0.02,2.4e-05,0.0446,0.745,0.003,250
377,RICE2,RICE-2 (Thick Cumulus / Heavy Cloud & Inpainting),38.89,0.7019,0.4361,0.0647,0.0388,0.097,0.0289,0.0173,0.0433,0.0219,2.4e-05,0.0453,0.858,0.003,250
378,RICE2,RICE-2 (Thick Cumulus / Heavy Cloud & Inpainting),55.27,0.7099,0.4214,0.0697,0.0418,0.1046,0.0305,0.0183,0.0457,0.0235,2.4e-05,0.0454,0.962,0.003,250
379,RICE2,RICE-2 (Thick Cumulus / Heavy Cloud & Inpainting),47.34,0.7327,0.4089,0.0677,0.0406,0.1016,0.0297,0.0178,0.0445,0.0227,2.4e-05,0.0445,0.917,0.003,250
380,RICE2,RICE-2 (Thick Cumulus / Heavy Cloud & Inpainting),45.25,0.495,0.7056,0.0636,0.0382,0.0954,0.0295,0.0177,0.0442,0.0225,2.4e-05,0.0504,0.873,0.003,250
381,RICE2,RICE-2 (Thick Cumulus / Heavy Cloud & Inpainting),87.17,0.5481,0.6399,0.0769,0.0461,0.1153,0.0337,0.0202,0.0505,0.0267,2.4e-05,0.0492,1.123,0.003,250
382,RICE2,RICE-2 (Thick Cumulus / Heavy Cloud & Inpainting),46.46,0.5051,0.7453,0.064,0.0384,0.096,0.0296,0.0178,0.0444,0.0226,2.4e-05,0.0522,0.879,0.003,250
383,RICE2,RICE-2 (Thick Cumulus / Heavy Cloud & Inpainting),45.36,0.5041,0.7287,0.0637,0.0382,0.0956,0.0295,0.0177,0.0442,0.0225,2.4e-05,0.0533,0.872,0.003,250
384,RICE2,RICE-2 (Thick Cumulus / Heavy Cloud & Inpainting),43.29,0.5172,0.7001,0.0632,0.0379,0.0948,0.0293,0.0176,0.044,0.0223,2.4e-05,0.0533,0.86,0.003,250
385,RICE2,RICE-2 (Thick Cumulus / Heavy Cloud & Inpainting),50.69,0.5733,0.656,0.0663,0.0398,0.0994,0.0301,0.0181,0.0451,0.0231,2.4e-05,0.0508,0.904,0.003,250
386,RICE2,RICE-2 (Thick Cumulus / Heavy Cloud & Inpainting),13.14,0.5146,0.7275,0.0542,0.0325,0.0813,0.0263,0.0158,0.0394,0.0193,2.4e-05,0.0536,0.679,0.003,250
387,RICE2,RICE-2 (Thick Cumulus / Heavy Cloud & Inpainting),0.61,0.4868,0.7755,0.0502,0.0301,0.0753,0.0251,0.0151,0.0377,0.0181,2.4e-05,0.0576,0.604,0.003,250
388,RICE2,RICE-2 (Thick Cumulus / Heavy Cloud & Inpainting),4.48,0.4976,0.7555,0.0513,0.0308,0.0769,0.0254,0.0152,0.0381,0.0184,2.4e-05,0.0544,0.627,0.003,250
389,RICE2,RICE-2 (Thick Cumulus / Heavy Cloud & Inpainting),1.8,0.4857,0.7669,0.0505,0.0303,0.0758,0.0252,0.0151,0.0378,0.0182,2.4e-05,0.0547,0.611,0.003,250
390,RICE2,RICE-2 (Thick Cumulus / Heavy Cloud & Inpainting),82.28,0.5364,0.6385,0.0752,0.0451,0.1128,0.0332,0.0199,0.0498,0.0262,2.4e-05,0.0483,1.098,0.003,250
391,RICE2,RICE-2 (Thick Cumulus / Heavy Cloud & Inpainting),96.62,0.5552,0.6315,0.0798,0.0479,0.1197,0.0347,0.0208,0.052,0.0277,2.4e-05,0.0492,1.18,0.003,250
392,RICE2,RICE-2 (Thick Cumulus / Heavy Cloud & Inpainting),99.93,0.5942,0.5669,0.08,0.048,0.12,0.035,0.021,0.0525,0.028,2.4e-05,0.048,1.205,0.003,250
393,RICE2,RICE-2 (Thick Cumulus / Heavy Cloud & Inpainting),99.57,0.5988,0.596,0.08,0.048,0.12,0.035,0.021,0.0525,0.028,2.4e-05,0.0485,1.202,0.003,250
394,RICE2,RICE-2 (Thick Cumulus / Heavy Cloud & Inpainting),48.69,0.5439,0.682,0.0653,0.0392,0.0979,0.0299,0.0179,0.0449,0.0229,2.4e-05,0.0514,0.892,0.003,250
395,RICE2,RICE-2 (Thick Cumulus / Heavy Cloud & Inpainting),20.05,0.5071,0.739,0.0561,0.0337,0.0842,0.027,0.0162,0.0405,0.02,2.4e-05,0.05,0.731,0.003,250
396,RICE2,RICE-2 (Thick Cumulus / Heavy Cloud & Inpainting),23.37,0.4738,0.7542,0.057,0.0342,0.0855,0.0283,0.017,0.0425,0.0203,2.4e-05,0.0507,0.746,0.003,250
397,RICE2,RICE-2 (Thick Cumulus / Heavy Cloud & Inpainting),2.34,0.4913,0.7707,0.0507,0.0304,0.0761,0.0252,0.0151,0.0378,0.0182,2.4e-05,0.0566,0.614,0.003,250
398,RICE2,RICE-2 (Thick Cumulus / Heavy Cloud & Inpainting),8.66,0.4871,0.7558,0.0526,0.0316,0.0789,0.0259,0.0155,0.0388,0.0189,2.4e-05,0.054,0.652,0.003,250
399,RICE2,RICE-2 (Thick Cumulus / Heavy Cloud & Inpainting),4.57,0.4817,0.7658,0.0514,0.0308,0.0771,0.0255,0.0153,0.0382,0.0185,2.4e-05,0.0556,0.627,0.003,250
400,RICE2,RICE-2 (Thick Cumulus / Heavy Cloud & Inpainting),83.91,0.5287,0.6777,0.0756,0.0454,0.1134,0.0334,0.02,0.0501,0.0264,2.4e-05,0.0501,1.103,0.003,250
401,RICE2,RICE-2 (Thick Cumulus / Heavy Cloud & Inpainting),98.45,0.5576,0.6482,0.08,0.048,0.12,0.0348,0.0209,0.0522,0.0278,2.4e-05,0.0489,1.194,0.003,250
402,RICE2,RICE-2 (Thick Cumulus / Heavy Cloud & Inpainting),99.41,0.5897,0.6118,0.08,0.048,0.12,0.0349,0.0209,0.0524,0.0279,2.4e-05,0.0497,1.198,0.003,250
403,RICE2,RICE-2 (Thick Cumulus / Heavy Cloud & Inpainting),85.99,0.5718,0.6371,0.0769,0.0461,0.1153,0.0336,0.0202,0.0504,0.0266,2.4e-05,0.0509,1.119,0.003,250
404,RICE2,RICE-2 (Thick Cumulus / Heavy Cloud & Inpainting),17.99,0.5202,0.7314,0.0557,0.0334,0.0835,0.0268,0.0161,0.0402,0.0198,2.4e-05,0.0525,0.708,0.003,250
405,RICE2,RICE-2 (Thick Cumulus / Heavy Cloud & Inpainting),19.17,0.5018,0.7252,0.0558,0.0335,0.0837,0.0269,0.0161,0.0403,0.0199,2.4e-05,0.0506,0.717,0.003,250
406,RICE2,RICE-2 (Thick Cumulus / Heavy Cloud & Inpainting),17.05,0.524,0.72,0.0555,0.0333,0.0833,0.0267,0.016,0.0401,0.0197,2.4e-05,0.0534,0.702,0.003,250
407,RICE2,RICE-2 (Thick Cumulus / Heavy Cloud & Inpainting),7.48,0.4972,0.7417,0.0522,0.0313,0.0783,0.0257,0.0154,0.0386,0.0187,2.4e-05,0.0542,0.645,0.003,250
408,RICE2,RICE-2 (Thick Cumulus / Heavy Cloud & Inpainting),35.39,0.4841,0.7386,0.0606,0.0364,0.0909,0.0285,0.0171,0.0428,0.0215,2.4e-05,0.0527,0.812,0.003,250
409,RICE2,RICE-2 (Thick Cumulus / Heavy Cloud & Inpainting),43.13,0.5181,0.7004,0.0632,0.0379,0.0948,0.0293,0.0176,0.044,0.0223,2.4e-05,0.0533,0.859,0.003,250
410,RICE2,RICE-2 (Thick Cumulus / Heavy Cloud & Inpainting),92.24,0.5566,0.6479,0.0785,0.0471,0.1177,0.0342,0.0205,0.0513,0.0272,2.4e-05,0.0499,1.153,0.003,250
411,RICE2,RICE-2 (Thick Cumulus / Heavy Cloud & Inpainting),79.2,0.5394,0.6854,0.0743,0.0446,0.1115,0.0329,0.0197,0.0493,0.0259,2.4e-05,0.0512,1.075,0.003,250
412,RICE2,RICE-2 (Thick Cumulus / Heavy Cloud & Inpainting),92.84,0.5689,0.6263,0.0789,0.0473,0.1183,0.0343,0.0206,0.0514,0.0273,2.4e-05,0.0497,1.164,0.003,250
413,RICE2,RICE-2 (Thick Cumulus / Heavy Cloud & Inpainting),59.98,0.5608,0.6473,0.0689,0.0413,0.1033,0.031,0.0186,0.0465,0.024,2.4e-05,0.052,0.96,0.003,250
414,RICE2,RICE-2 (Thick Cumulus / Heavy Cloud & Inpainting),51.58,0.5673,0.6631,0.0665,0.0399,0.0998,0.0302,0.0181,0.0453,0.0232,2.4e-05,0.0518,0.922,0.003,250
415,RICE2,RICE-2 (Thick Cumulus / Heavy Cloud & Inpainting),69.23,0.5626,0.6266,0.0717,0.043,0.1076,0.0319,0.0191,0.0478,0.0249,2.4e-05,0.0498,1.015,0.003,250
416,RICE2,RICE-2 (Thick Cumulus / Heavy Cloud & Inpainting),68.37,0.6167,0.5977,0.0723,0.0434,0.1085,0.0318,0.0191,0.0477,0.0248,2.4e-05,0.0502,1.035,0.003,250
417,RICE2,RICE-2 (Thick Cumulus / Heavy Cloud & Inpainting),9.88,0.5188,0.7286,0.0532,0.0319,0.0798,0.026,0.0156,0.039,0.019,2.4e-05,0.0565,0.663,0.003,250
418,RICE2,RICE-2 (Thick Cumulus / Heavy Cloud & Inpainting),4.41,0.481,0.7683,0.0513,0.0308,0.0769,0.0254,0.0152,0.0381,0.0184,2.4e-05,0.0573,0.626,0.003,250
419,RICE2,RICE-2 (Thick Cumulus / Heavy Cloud & Inpainting),25.05,0.5162,0.716,0.0578,0.0347,0.0867,0.0275,0.0165,0.0413,0.0205,2.4e-05,0.0549,0.75,0.003,250
420,RICE2,RICE-2 (Thick Cumulus / Heavy Cloud & Inpainting),98.72,0.5779,0.6048,0.08,0.048,0.12,0.0349,0.0209,0.0524,0.0279,2.4e-05,0.0481,1.192,0.003,250
421,RICE2,RICE-2 (Thick Cumulus / Heavy Cloud & Inpainting),77.09,0.5362,0.6694,0.0737,0.0442,0.1106,0.0327,0.0196,0.049,0.0257,2.4e-05,0.0505,1.063,0.003,250
422,RICE2,RICE-2 (Thick Cumulus / Heavy Cloud & Inpainting),83.57,0.5467,0.6625,0.0758,0.0455,0.1137,0.0334,0.02,0.0501,0.0264,2.4e-05,0.0513,1.101,0.003,250
423,RICE2,RICE-2 (Thick Cumulus / Heavy Cloud & Inpainting),19.03,0.5109,0.7271,0.0559,0.0335,0.0838,0.0269,0.0161,0.0403,0.0199,2.4e-05,0.055,0.714,0.003,250
424,RICE2,RICE-2 (Thick Cumulus / Heavy Cloud & Inpainting),34.92,0.5398,0.6808,0.0611,0.0367,0.0917,0.0285,0.0171,0.0428,0.0215,2.4e-05,0.053,0.824,0.003,250
425,RICE2,RICE-2 (Thick Cumulus / Heavy Cloud & Inpainting),87.33,0.5977,0.5891,0.0777,0.0466,0.1166,0.0337,0.0202,0.0505,0.0267,2.4e-05,0.0496,1.146,0.003,250
426,RICE2,RICE-2 (Thick Cumulus / Heavy Cloud & Inpainting),37.38,0.5485,0.667,0.0619,0.0371,0.0928,0.0287,0.0172,0.043,0.0217,2.4e-05,0.0531,0.838,0.003,250
427,RICE2,RICE-2 (Thick Cumulus / Heavy Cloud & Inpainting),47.15,0.5431,0.6885,0.0648,0.0389,0.0972,0.0297,0.0178,0.0445,0.0227,2.4e-05,0.0546,0.883,0.003,250
428,RICE2,RICE-2 (Thick Cumulus / Heavy Cloud & Inpainting),31.74,0.5247,0.7071,0.0599,0.0359,0.0898,0.0282,0.0169,0.0423,0.0212,2.4e-05,0.0557,0.79,0.003,250
429,RICE2,RICE-2 (Thick Cumulus / Heavy Cloud & Inpainting),63.71,0.5682,0.6304,0.0701,0.0421,0.1051,0.0314,0.0188,0.0471,0.0244,2.4e-05,0.0515,0.995,0.003,250
430,RICE2,RICE-2 (Thick Cumulus / Heavy Cloud & Inpainting),87.68,0.5384,0.642,0.0769,0.0461,0.1153,0.0338,0.0203,0.0507,0.0268,2.4e-05,0.0492,1.126,0.003,250
431,RICE2,RICE-2 (Thick Cumulus / Heavy Cloud & Inpainting),26.35,0.5059,0.7482,0.058,0.0348,0.087,0.0276,0.0166,0.0414,0.0206,2.4e-05,0.0531,0.758,0.003,250
432,RICE2,RICE-2 (Thick Cumulus / Heavy Cloud & Inpainting),51.09,0.5123,0.7212,0.0655,0.0393,0.0983,0.0301,0.0181,0.0451,0.0231,2.4e-05,0.0519,0.907,0.003,250
433,RICE2,RICE-2 (Thick Cumulus / Heavy Cloud & Inpainting),27.66,0.4886,0.752,0.0583,0.035,0.0874,0.0278,0.0167,0.0417,0.0208,2.4e-05,0.0536,0.766,0.003,250
434,RICE2,RICE-2 (Thick Cumulus / Heavy Cloud & Inpainting),30.49,0.5031,0.7414,0.0592,0.0355,0.0888,0.028,0.0168,0.042,0.021,2.4e-05,0.0547,0.783,0.003,250
435,RICE2,RICE-2 (Thick Cumulus / Heavy Cloud & Inpainting),58.92,0.5301,0.711,0.0681,0.0409,0.1021,0.0309,0.0185,0.0464,0.0239,2.4e-05,0.0537,0.954,0.003,250
436,RICE2,RICE-2 (Thick Cumulus / Heavy Cloud & Inpainting),56.93,0.5184,0.7222,0.0674,0.0404,0.1011,0.0307,0.0184,0.0461,0.0237,2.4e-05,0.0537,0.942,0.003,250
437,RICE2,RICE-2 (Thick Cumulus / Heavy Cloud & Inpainting),60.29,0.5338,0.7048,0.0686,0.0412,0.1029,0.031,0.0186,0.0465,0.024,2.4e-05,0.0533,0.962,0.003,250
438,RICE2,RICE-2 (Thick Cumulus / Heavy Cloud & Inpainting),91.66,0.5724,0.6342,0.0786,0.0472,0.1179,0.0342,0.0205,0.0513,0.0272,2.4e-05,0.0503,1.15,0.003,250
439,RICE2,RICE-2 (Thick Cumulus / Heavy Cloud & Inpainting),75.22,0.6105,0.5734,0.0742,0.0445,0.1113,0.0325,0.0195,0.0488,0.0255,2.4e-05,0.0487,1.071,0.003,250
440,RICE2,RICE-2 (Thick Cumulus / Heavy Cloud & Inpainting),38.1,0.5163,0.712,0.0617,0.037,0.0925,0.0288,0.0173,0.0432,0.0218,2.4e-05,0.0509,0.829,0.003,250
441,RICE2,RICE-2 (Thick Cumulus / Heavy Cloud & Inpainting),0.56,0.4815,0.7987,0.0502,0.0301,0.0753,0.0251,0.0151,0.0377,0.0181,2.4e-05,0.0559,0.603,0.003,250
442,RICE2,RICE-2 (Thick Cumulus / Heavy Cloud & Inpainting),0.06,0.4804,0.806,0.05,0.03,0.075,0.025,0.015,0.0375,0.018,2.4e-05,0.0569,0.6,0.003,250
443,RICE2,RICE-2 (Thick Cumulus / Heavy Cloud & Inpainting),1.74,0.4494,0.8063,0.0505,0.0303,0.0758,0.0252,0.0151,0.0378,0.0182,2.4e-05,0.0555,0.61,0.003,250
444,RICE2,RICE-2 (Thick Cumulus / Heavy Cloud & Inpainting),5.87,0.4846,0.7723,0.0518,0.0311,0.0777,0.0256,0.0154,0.0384,0.0186,2.4e-05,0.0555,0.635,0.003,250
445,RICE2,RICE-2 (Thick Cumulus / Heavy Cloud & Inpainting),20.2,0.5056,0.7632,0.0561,0.0337,0.0842,0.027,0.0162,0.0405,0.02,2.4e-05,0.0558,0.721,0.003,250
446,RICE2,RICE-2 (Thick Cumulus / Heavy Cloud & Inpainting),58.8,0.4965,0.728,0.0676,0.0406,0.1014,0.0309,0.0185,0.0464,0.0239,2.4e-05,0.0519,0.953,0.003,250
447,RICE2,RICE-2 (Thick Cumulus / Heavy Cloud & Inpainting),98.08,0.5622,0.6416,0.08,0.048,0.12,0.0348,0.0209,0.0522,0.0278,2.4e-05,0.0497,1.188,0.003,250
448,RICE2,RICE-2 (Thick Cumulus / Heavy Cloud & Inpainting),70.17,0.5328,0.7051,0.0715,0.0429,0.1072,0.032,0.0192,0.048,0.025,2.4e-05,0.0511,1.021,0.003,250
449,RICE2,RICE-2 (Thick Cumulus / Heavy Cloud & Inpainting),17.26,0.4897,0.7452,0.0552,0.0331,0.0828,0.0267,0.016,0.0401,0.0197,2.4e-05,0.0533,0.704,0.003,250
450,RICE2,RICE-2 (Thick Cumulus / Heavy Cloud & Inpainting),43.45,0.7602,0.3857,0.0669,0.0401,0.1003,0.0293,0.0176,0.044,0.0223,2.4e-05,0.0449,0.902,0.003,250
451,RICE2,RICE-2 (Thick Cumulus / Heavy Cloud & Inpainting),13.82,0.7515,0.3912,0.0579,0.0347,0.0868,0.0264,0.0158,0.0396,0.0194,2.4e-05,0.0446,0.711,0.003,250
452,RICE2,RICE-2 (Thick Cumulus / Heavy Cloud & Inpainting),1.62,0.7502,0.3886,0.0542,0.0325,0.0813,0.0252,0.0151,0.0378,0.0182,2.4e-05,0.0445,0.641,0.003,250
453,RICE2,RICE-2 (Thick Cumulus / Heavy Cloud & Inpainting),38.2,0.725,0.4116,0.0648,0.0389,0.0972,0.0288,0.0173,0.0432,0.0218,2.4e-05,0.0449,0.865,0.003,250
454,RICE2,RICE-2 (Thick Cumulus / Heavy Cloud & Inpainting),71.86,0.7419,0.3989,0.0752,0.0451,0.1128,0.0322,0.0193,0.0483,0.0252,2.4e-05,0.0454,1.079,0.003,250
455,RICE2,RICE-2 (Thick Cumulus / Heavy Cloud & Inpainting),78.59,0.766,0.3809,0.0776,0.0466,0.1164,0.0329,0.0197,0.0493,0.0259,2.4e-05,0.0455,1.115,0.003,250
456,RICE2,RICE-2 (Thick Cumulus / Heavy Cloud & Inpainting),70.55,0.7412,0.3982,0.0748,0.0449,0.1122,0.0321,0.0193,0.0481,0.0251,2.4e-05,0.0451,1.065,0.003,250
457,RICE2,RICE-2 (Thick Cumulus / Heavy Cloud & Inpainting),65.69,0.7648,0.3752,0.0737,0.0442,0.1106,0.0316,0.019,0.0474,0.0246,2.4e-05,0.0451,1.037,0.003,250
458,RICE2,RICE-2 (Thick Cumulus / Heavy Cloud & Inpainting),47.06,0.7477,0.3959,0.0678,0.0407,0.1017,0.0297,0.0178,0.0445,0.0227,2.4e-05,0.0449,0.927,0.003,250
459,RICE2,RICE-2 (Thick Cumulus / Heavy Cloud & Inpainting),8.22,0.7262,0.4185,0.0559,0.0335,0.0838,0.0258,0.0155,0.0387,0.0188,2.4e-05,0.0446,0.692,0.003,250
460,RICE2,RICE-2 (Thick Cumulus / Heavy Cloud & Inpainting),37.08,0.7326,0.417,0.0646,0.0388,0.0969,0.0287,0.0172,0.043,0.0217,2.4e-05,0.0449,0.865,0.003,250
461,RICE2,RICE-2 (Thick Cumulus / Heavy Cloud & Inpainting),2.22,0.7373,0.41,0.0542,0.0325,0.0813,0.0252,0.0151,0.0378,0.0182,2.4e-05,0.0446,0.637,0.003,250
462,RICE2,RICE-2 (Thick Cumulus / Heavy Cloud & Inpainting),6.81,0.7251,0.4139,0.0554,0.0332,0.0831,0.0257,0.0154,0.0386,0.0187,2.4e-05,0.0446,0.679,0.003,250
463,RICE2,RICE-2 (Thick Cumulus / Heavy Cloud & Inpainting),27.72,0.7249,0.4131,0.0617,0.037,0.0925,0.0278,0.0167,0.0417,0.0208,2.4e-05,0.0447,0.803,0.003,250
464,RICE2,RICE-2 (Thick Cumulus / Heavy Cloud & Inpainting),60.68,0.727,0.4117,0.0716,0.043,0.1074,0.0311,0.0187,0.0466,0.0241,2.4e-05,0.045,1.003,0.003,250
465,RICE2,RICE-2 (Thick Cumulus / Heavy Cloud & Inpainting),97.64,0.7933,0.3541,0.08,0.048,0.12,0.0352,0.0211,0.0528,0.0278,2.4e-05,0.0456,1.234,0.003,250
466,RICE2,RICE-2 (Thick Cumulus / Heavy Cloud & Inpainting),67.4,0.7483,0.3921,0.0739,0.0443,0.1108,0.0317,0.019,0.0475,0.0247,2.4e-05,0.0453,1.05,0.003,250
467,RICE2,RICE-2 (Thick Cumulus / Heavy Cloud & Inpainting),61.69,0.7648,0.3785,0.0725,0.0435,0.1087,0.0312,0.0187,0.0468,0.0242,2.4e-05,0.0452,1.013,0.003,250
468,RICE2,RICE-2 (Thick Cumulus / Heavy Cloud & Inpainting),24.22,0.7238,0.4232,0.0606,0.0364,0.0909,0.0274,0.0164,0.0411,0.0204,2.4e-05,0.0447,0.782,0.003,250
469,RICE2,RICE-2 (Thick Cumulus / Heavy Cloud & Inpainting),2.58,0.7158,0.4318,0.054,0.0324,0.081,0.0253,0.0152,0.0379,0.0183,2.4e-05,0.0447,0.622,0.003,250
470,RICE2,RICE-2 (Thick Cumulus / Heavy Cloud & Inpainting),4.83,0.7308,0.4149,0.0549,0.0329,0.0823,0.0255,0.0153,0.0382,0.0185,2.4e-05,0.0446,0.657,0.003,250
471,RICE2,RICE-2 (Thick Cumulus / Heavy Cloud & Inpainting),3.04,0.7252,0.4197,0.0543,0.0326,0.0814,0.0253,0.0152,0.0379,0.0183,2.4e-05,0.0447,0.63,0.003,250
472,RICE2,RICE-2 (Thick Cumulus / Heavy Cloud & Inpainting),4.67,0.7242,0.4183,0.0548,0.0329,0.0822,0.0255,0.0153,0.0382,0.0185,2.4e-05,0.0446,0.641,0.003,250
473,RICE2,RICE-2 (Thick Cumulus / Heavy Cloud & Inpainting),15.0,0.7221,0.4279,0.0578,0.0347,0.0867,0.0265,0.0159,0.0398,0.0195,2.4e-05,0.0447,0.721,0.003,250
474,RICE2,RICE-2 (Thick Cumulus / Heavy Cloud & Inpainting),36.77,0.727,0.4175,0.0644,0.0386,0.0966,0.0287,0.0172,0.043,0.0217,2.4e-05,0.0448,0.861,0.003,250
475,RICE2,RICE-2 (Thick Cumulus / Heavy Cloud & Inpainting),41.07,0.7376,0.4135,0.0659,0.0395,0.0988,0.0291,0.0175,0.0437,0.0221,2.4e-05,0.0449,0.887,0.003,250
476,RICE2,RICE-2 (Thick Cumulus / Heavy Cloud & Inpainting),32.79,0.7415,0.4124,0.0635,0.0381,0.0953,0.0283,0.017,0.0425,0.0213,2.4e-05,0.0449,0.838,0.003,250
477,RICE2,RICE-2 (Thick Cumulus / Heavy Cloud & Inpainting),10.23,0.7185,0.4322,0.0563,0.0338,0.0844,0.026,0.0156,0.039,0.019,2.4e-05,0.0449,0.703,0.003,250
478,RICE2,RICE-2 (Thick Cumulus / Heavy Cloud & Inpainting),29.01,0.7127,0.4308,0.0619,0.0371,0.0928,0.0279,0.0167,0.0418,0.0209,2.4e-05,0.0446,0.806,0.003,250
479,RICE2,RICE-2 (Thick Cumulus / Heavy Cloud & Inpainting),13.2,0.7021,0.4459,0.057,0.0342,0.0855,0.0263,0.0158,0.0394,0.0193,2.4e-05,0.0446,0.696,0.003,250
480,RICE2,RICE-2 (Thick Cumulus / Heavy Cloud & Inpainting),2.43,0.7209,0.4344,0.054,0.0324,0.081,0.0252,0.0151,0.0378,0.0182,2.4e-05,0.0451,0.628,0.003,250
481,RICE2,RICE-2 (Thick Cumulus / Heavy Cloud & Inpainting),0.28,0.7061,0.4438,0.0532,0.0319,0.0798,0.025,0.015,0.0375,0.018,2.4e-05,0.0451,0.602,0.003,250
482,RICE2,RICE-2 (Thick Cumulus / Heavy Cloud & Inpainting),1.67,0.7098,0.4393,0.0536,0.0322,0.0804,0.0252,0.0151,0.0378,0.0182,2.4e-05,0.045,0.617,0.003,250
483,RICE2,RICE-2 (Thick Cumulus / Heavy Cloud & Inpainting),6.61,0.7106,0.4476,0.0551,0.0331,0.0827,0.0257,0.0154,0.0386,0.0187,2.4e-05,0.0453,0.655,0.003,250
484,RICE2,RICE-2 (Thick Cumulus / Heavy Cloud & Inpainting),31.53,0.7191,0.4424,0.0627,0.0376,0.0941,0.0282,0.0169,0.0423,0.0212,2.4e-05,0.0452,0.819,0.003,250
485,RICE2,RICE-2 (Thick Cumulus / Heavy Cloud & Inpainting),15.37,0.7301,0.4314,0.0581,0.0349,0.0872,0.0265,0.0159,0.0398,0.0195,2.4e-05,0.0452,0.711,0.003,250
486,RICE2,RICE-2 (Thick Cumulus / Heavy Cloud & Inpainting),0.52,0.7212,0.4336,0.0535,0.0321,0.0803,0.0251,0.0151,0.0377,0.0181,2.4e-05,0.045,0.608,0.003,250
487,RICE2,RICE-2 (Thick Cumulus / Heavy Cloud & Inpainting),1.16,0.7138,0.4414,0.0536,0.0322,0.0804,0.0251,0.0151,0.0377,0.0181,2.4e-05,0.0451,0.607,0.003,250
488,RICE2,RICE-2 (Thick Cumulus / Heavy Cloud & Inpainting),13.45,0.6947,0.4548,0.057,0.0342,0.0855,0.0263,0.0158,0.0394,0.0193,2.4e-05,0.0449,0.695,0.003,250
489,RICE2,RICE-2 (Thick Cumulus / Heavy Cloud & Inpainting),22.21,0.6922,0.4534,0.0595,0.0357,0.0892,0.0272,0.0163,0.0408,0.0202,2.4e-05,0.0448,0.77,0.003,250
490,RICE2,RICE-2 (Thick Cumulus / Heavy Cloud & Inpainting),16.22,0.7029,0.4736,0.0579,0.0347,0.0868,0.0266,0.016,0.0399,0.0196,2.4e-05,0.0462,0.729,0.003,250
491,RICE2,RICE-2 (Thick Cumulus / Heavy Cloud & Inpainting),18.02,0.7036,0.4643,0.0585,0.0351,0.0878,0.0268,0.0161,0.0402,0.0198,2.4e-05,0.0462,0.743,0.003,250
492,RICE2,RICE-2 (Thick Cumulus / Heavy Cloud & Inpainting),37.83,0.6911,0.476,0.0642,0.0385,0.0963,0.0288,0.0173,0.0432,0.0218,2.4e-05,0.0464,0.856,0.003,250
493,RICE2,RICE-2 (Thick Cumulus / Heavy Cloud & Inpainting),21.29,0.706,0.4711,0.0595,0.0357,0.0892,0.0271,0.0163,0.0406,0.0201,2.4e-05,0.0465,0.759,0.003,250
494,RICE2,RICE-2 (Thick Cumulus / Heavy Cloud & Inpainting),43.66,0.7093,0.461,0.0662,0.0397,0.0993,0.0294,0.0176,0.0441,0.0224,2.4e-05,0.0462,0.904,0.003,250
495,RICE2,RICE-2 (Thick Cumulus / Heavy Cloud & Inpainting),5.63,0.7297,0.4391,0.0551,0.0331,0.0827,0.0256,0.0154,0.0384,0.0186,2.4e-05,0.0456,0.664,0.003,250
496,RICE2,RICE-2 (Thick Cumulus / Heavy Cloud & Inpainting),0.1,0.7071,0.4543,0.0531,0.0319,0.0796,0.025,0.015,0.0375,0.018,2.4e-05,0.0454,0.601,0.003,250
497,RICE2,RICE-2 (Thick Cumulus / Heavy Cloud & Inpainting),6.66,0.6981,0.4541,0.055,0.033,0.0825,0.0257,0.0154,0.0386,0.0187,2.4e-05,0.045,0.659,0.003,250
498,RICE2,RICE-2 (Thick Cumulus / Heavy Cloud & Inpainting),8.09,0.7025,0.4665,0.0555,0.0333,0.0833,0.0258,0.0155,0.0387,0.0188,2.4e-05,0.0457,0.66,0.003,250
499,RICE2,RICE-2 (Thick Cumulus / Heavy Cloud & Inpainting),13.89,0.6923,0.4679,0.0571,0.0343,0.0857,0.0264,0.0158,0.0396,0.0194,2.4e-05,0.0458,0.721,0.003,250
500,RICE2,RICE-2 (Thick Cumulus / Heavy Cloud & Inpainting),19.06,0.7013,0.4663,0.0587,0.0352,0.0881,0.0269,0.0161,0.0403,0.0199,2.4e-05,0.0455,0.749,0.003,250
501,RICE2,RICE-2 (Thick Cumulus / Heavy Cloud & Inpainting),36.61,0.7026,0.4717,0.064,0.0384,0.096,0.0287,0.0172,0.043,0.0217,2.4e-05,0.046,0.855,0.003,250
502,RICE2,RICE-2 (Thick Cumulus / Heavy Cloud & Inpainting),44.84,0.7129,0.4647,0.0666,0.04,0.0999,0.0295,0.0177,0.0442,0.0225,2.4e-05,0.0462,0.907,0.003,250
503,RICE2,RICE-2 (Thick Cumulus / Heavy Cloud & Inpainting),38.78,0.6777,0.4929,0.0643,0.0386,0.0964,0.0289,0.0173,0.0433,0.0219,2.4e-05,0.0462,0.863,0.003,250
504,RICE2,RICE-2 (Thick Cumulus / Heavy Cloud & Inpainting),53.38,0.7139,0.4551,0.0692,0.0415,0.1038,0.0303,0.0182,0.0455,0.0233,2.4e-05,0.0459,0.957,0.003,250
505,RICE2,RICE-2 (Thick Cumulus / Heavy Cloud & Inpainting),22.46,0.7038,0.4745,0.0598,0.0359,0.0897,0.0272,0.0163,0.0408,0.0202,2.4e-05,0.0461,0.772,0.003,250
506,RICE2,RICE-2 (Thick Cumulus / Heavy Cloud & Inpainting),11.88,0.6971,0.4742,0.0565,0.0339,0.0848,0.0262,0.0157,0.0393,0.0192,2.4e-05,0.0459,0.697,0.003,250
507,RICE2,RICE-2 (Thick Cumulus / Heavy Cloud & Inpainting),8.3,0.7101,0.4573,0.0556,0.0334,0.0834,0.0258,0.0155,0.0387,0.0188,2.4e-05,0.0458,0.664,0.003,250
508,RICE2,RICE-2 (Thick Cumulus / Heavy Cloud & Inpainting),0.12,0.7075,0.4566,0.0531,0.0319,0.0796,0.025,0.015,0.0375,0.018,2.4e-05,0.0455,0.601,0.003,250
509,RICE2,RICE-2 (Thick Cumulus / Heavy Cloud & Inpainting),0.07,0.7037,0.4686,0.0531,0.0319,0.0796,0.025,0.015,0.0375,0.018,2.4e-05,0.0461,0.6,0.003,250
510,RICE2,RICE-2 (Thick Cumulus / Heavy Cloud & Inpainting),24.24,0.6885,0.4975,0.0601,0.0361,0.0902,0.0274,0.0164,0.0411,0.0204,2.4e-05,0.0463,0.778,0.003,250
511,RICE2,RICE-2 (Thick Cumulus / Heavy Cloud & Inpainting),2.01,0.6891,0.4868,0.0534,0.032,0.0801,0.0252,0.0151,0.0378,0.0182,2.4e-05,0.0458,0.612,0.003,250
512,RICE2,RICE-2 (Thick Cumulus / Heavy Cloud & Inpainting),9.56,0.6503,0.5073,0.0551,0.0331,0.0827,0.026,0.0156,0.039,0.019,2.4e-05,0.0455,0.69,0.003,250
513,RICE2,RICE-2 (Thick Cumulus / Heavy Cloud & Inpainting),64.06,0.6457,0.5113,0.0714,0.0428,0.1071,0.0314,0.0188,0.0471,0.0244,2.4e-05,0.0455,1.009,0.003,250
514,RICE2,RICE-2 (Thick Cumulus / Heavy Cloud & Inpainting),55.74,0.644,0.5259,0.0689,0.0413,0.1033,0.0306,0.0184,0.0459,0.0236,2.4e-05,0.0454,0.962,0.003,250
515,RICE2,RICE-2 (Thick Cumulus / Heavy Cloud & Inpainting),59.42,0.6482,0.5367,0.0701,0.0421,0.1051,0.0309,0.0185,0.0464,0.0239,2.4e-05,0.0455,0.982,0.003,250
516,RICE2,RICE-2 (Thick Cumulus / Heavy Cloud & Inpainting),41.46,0.7079,0.4806,0.0656,0.0394,0.0984,0.0291,0.0175,0.0437,0.0221,2.4e-05,0.0464,0.881,0.003,250
517,RICE2,RICE-2 (Thick Cumulus / Heavy Cloud & Inpainting),34.48,0.718,0.455,0.0636,0.0382,0.0954,0.0284,0.017,0.0426,0.0214,2.4e-05,0.0458,0.829,0.003,250
518,RICE2,RICE-2 (Thick Cumulus / Heavy Cloud & Inpainting),6.56,0.7034,0.4573,0.055,0.033,0.0825,0.0257,0.0154,0.0386,0.0187,2.4e-05,0.0456,0.644,0.003,250
519,RICE2,RICE-2 (Thick Cumulus / Heavy Cloud & Inpainting),1.17,0.7019,0.4558,0.0534,0.032,0.0801,0.0251,0.0151,0.0377,0.0181,2.4e-05,0.0455,0.609,0.003,250
520,RICE2,RICE-2 (Thick Cumulus / Heavy Cloud & Inpainting),55.33,0.5598,0.5564,0.0675,0.0405,0.1013,0.0305,0.0183,0.0457,0.0235,2.4e-05,0.0447,0.944,0.003,250
521,RICE2,RICE-2 (Thick Cumulus / Heavy Cloud & Inpainting),43.78,0.5273,0.5842,0.0635,0.0381,0.0953,0.0294,0.0176,0.0441,0.0224,2.4e-05,0.0447,0.863,0.003,250
522,RICE2,RICE-2 (Thick Cumulus / Heavy Cloud & Inpainting),11.74,0.4968,0.6128,0.0535,0.0321,0.0803,0.0262,0.0157,0.0393,0.0192,2.4e-05,0.0443,0.675,0.003,250
523,RICE2,RICE-2 (Thick Cumulus / Heavy Cloud & Inpainting),11.53,0.5201,0.6023,0.0538,0.0323,0.0807,0.0262,0.0157,0.0393,0.0192,2.4e-05,0.0445,0.669,0.003,250
524,RICE2,RICE-2 (Thick Cumulus / Heavy Cloud & Inpainting),0.14,0.5037,0.6463,0.0501,0.0301,0.0751,0.025,0.015,0.0375,0.018,2.4e-05,0.0449,0.601,0.003,250
525,RICE2,RICE-2 (Thick Cumulus / Heavy Cloud & Inpainting),5.71,0.5019,0.6695,0.0517,0.031,0.0776,0.0256,0.0154,0.0384,0.0186,2.4e-05,0.0453,0.634,0.003,250
526,RICE2,RICE-2 (Thick Cumulus / Heavy Cloud & Inpainting),35.5,0.528,0.6452,0.0611,0.0367,0.0917,0.0285,0.0171,0.0428,0.0215,2.4e-05,0.0451,0.813,0.003,250
527,RICE2,RICE-2 (Thick Cumulus / Heavy Cloud & Inpainting),6.28,0.5383,0.5779,0.0525,0.0315,0.0788,0.0256,0.0154,0.0384,0.0186,2.4e-05,0.0442,0.638,0.003,250
528,RICE2,RICE-2 (Thick Cumulus / Heavy Cloud & Inpainting),43.05,0.5586,0.5479,0.0638,0.0383,0.0957,0.0293,0.0176,0.044,0.0223,2.4e-05,0.0444,0.859,0.003,250
529,RICE2,RICE-2 (Thick Cumulus / Heavy Cloud & Inpainting),37.52,0.5664,0.5636,0.0623,0.0374,0.0935,0.0288,0.0173,0.0432,0.0218,2.4e-05,0.0444,0.828,0.003,250
530,RICE2,RICE-2 (Thick Cumulus / Heavy Cloud & Inpainting),17.88,0.5498,0.5726,0.0561,0.0337,0.0842,0.0268,0.0161,0.0402,0.0198,2.4e-05,0.0443,0.722,0.003,250
531,RICE2,RICE-2 (Thick Cumulus / Heavy Cloud & Inpainting),11.81,0.515,0.6431,0.0538,0.0323,0.0807,0.0262,0.0157,0.0393,0.0192,2.4e-05,0.0446,0.671,0.003,250
532,RICE2,RICE-2 (Thick Cumulus / Heavy Cloud & Inpainting),7.34,0.4833,0.6753,0.0522,0.0313,0.0783,0.0257,0.0154,0.0386,0.0187,2.4e-05,0.045,0.644,0.003,250
533,RICE2,RICE-2 (Thick Cumulus / Heavy Cloud & Inpainting),16.33,0.5101,0.6516,0.0551,0.0331,0.0827,0.0266,0.016,0.0399,0.0196,2.4e-05,0.045,0.699,0.003,250
534,RICE2,RICE-2 (Thick Cumulus / Heavy Cloud & Inpainting),9.26,0.4951,0.5945,0.0528,0.0317,0.0792,0.0259,0.0155,0.0388,0.0189,2.4e-05,0.0444,0.656,0.003,250
535,RICE2,RICE-2 (Thick Cumulus / Heavy Cloud & Inpainting),0.08,0.536,0.5618,0.0506,0.0304,0.0759,0.025,0.015,0.0375,0.018,2.4e-05,0.0441,0.601,0.003,250
536,RICE2,RICE-2 (Thick Cumulus / Heavy Cloud & Inpainting),30.81,0.5138,0.5954,0.0594,0.0356,0.0891,0.0281,0.0169,0.0421,0.0211,2.4e-05,0.0443,0.787,0.003,250
537,RICE2,RICE-2 (Thick Cumulus / Heavy Cloud & Inpainting),13.27,0.4837,0.6408,0.054,0.0324,0.081,0.0263,0.0158,0.0394,0.0193,2.4e-05,0.0442,0.68,0.003,250
538,RICE2,RICE-2 (Thick Cumulus / Heavy Cloud & Inpainting),32.94,0.5047,0.6307,0.06,0.036,0.09,0.0283,0.017,0.0425,0.0213,2.4e-05,0.0444,0.798,0.003,250
539,RICE2,RICE-2 (Thick Cumulus / Heavy Cloud & Inpainting),60.66,0.5406,0.6178,0.0688,0.0413,0.1032,0.0311,0.0187,0.0466,0.0241,2.4e-05,0.0451,0.976,0.003,250
540,RICE2,RICE-2 (Thick Cumulus / Heavy Cloud & Inpainting),35.36,0.5231,0.6452,0.061,0.0366,0.0915,0.0285,0.0171,0.0428,0.0215,2.4e-05,0.0452,0.819,0.003,250
541,RICE2,RICE-2 (Thick Cumulus / Heavy Cloud & Inpainting),32.98,0.5181,0.5773,0.0602,0.0361,0.0903,0.0283,0.017,0.0425,0.0213,2.4e-05,0.0446,0.798,0.003,250
542,RICE2,RICE-2 (Thick Cumulus / Heavy Cloud & Inpainting),7.08,0.4899,0.6036,0.0521,0.0313,0.0781,0.0257,0.0154,0.0386,0.0187,2.4e-05,0.0441,0.642,0.003,250
543,RICE2,RICE-2 (Thick Cumulus / Heavy Cloud & Inpainting),24.15,0.512,0.5819,0.0574,0.0344,0.0861,0.0274,0.0164,0.0411,0.0204,2.4e-05,0.0443,0.748,0.003,250
544,RICE2,RICE-2 (Thick Cumulus / Heavy Cloud & Inpainting),68.2,0.4997,0.6115,0.0705,0.0423,0.1057,0.0318,0.0191,0.0477,0.0248,2.4e-05,0.0449,1.009,0.003,250
545,RICE2,RICE-2 (Thick Cumulus / Heavy Cloud & Inpainting),30.38,0.5089,0.6356,0.0592,0.0355,0.0888,0.028,0.0168,0.042,0.021,2.4e-05,0.0446,0.787,0.003,250
546,RICE2,RICE-2 (Thick Cumulus / Heavy Cloud & Inpainting),34.34,0.5397,0.5862,0.0609,0.0365,0.0914,0.0284,0.017,0.0426,0.0214,2.4e-05,0.0442,0.813,0.003,250
547,RICE2,RICE-2 (Thick Cumulus / Heavy Cloud & Inpainting),25.14,0.5472,0.5923,0.0583,0.035,0.0874,0.0275,0.0165,0.0413,0.0205,2.4e-05,0.0444,0.753,0.003,250
548,RICE2,RICE-2 (Thick Cumulus / Heavy Cloud & Inpainting),19.3,0.5065,0.6212,0.0559,0.0335,0.0838,0.0269,0.0161,0.0403,0.0199,2.4e-05,0.0447,0.744,0.003,250
549,RICE2,RICE-2 (Thick Cumulus / Heavy Cloud & Inpainting),55.38,0.4913,0.6053,0.0666,0.04,0.0999,0.0305,0.0183,0.0457,0.0235,2.4e-05,0.0447,0.932,0.003,250
550,RICE2,RICE-2 (Thick Cumulus / Heavy Cloud & Inpainting),32.44,0.5019,0.5851,0.0598,0.0359,0.0897,0.0282,0.0169,0.0423,0.0212,2.4e-05,0.0445,0.795,0.003,250
551,RICE2,RICE-2 (Thick Cumulus / Heavy Cloud & Inpainting),17.61,0.4866,0.613,0.0553,0.0332,0.0829,0.0268,0.0161,0.0402,0.0198,2.4e-05,0.0445,0.706,0.003,250
552,RICE2,RICE-2 (Thick Cumulus / Heavy Cloud & Inpainting),39.16,0.5035,0.6151,0.0618,0.0371,0.0927,0.0289,0.0173,0.0433,0.0219,2.4e-05,0.0445,0.856,0.003,250
553,RICE2,RICE-2 (Thick Cumulus / Heavy Cloud & Inpainting),32.22,0.5245,0.6266,0.06,0.036,0.09,0.0282,0.0169,0.0423,0.0212,2.4e-05,0.0442,0.813,0.003,250
554,RICE2,RICE-2 (Thick Cumulus / Heavy Cloud & Inpainting),5.59,0.5111,0.6073,0.0518,0.0311,0.0777,0.0256,0.0154,0.0384,0.0186,2.4e-05,0.0439,0.634,0.003,250
555,RICE2,RICE-2 (Thick Cumulus / Heavy Cloud & Inpainting),66.56,0.4647,0.615,0.07,0.042,0.105,0.0317,0.019,0.0475,0.0247,2.4e-05,0.0449,0.999,0.003,250
556,RICE2,RICE-2 (Thick Cumulus / Heavy Cloud & Inpainting),43.15,0.489,0.6191,0.0629,0.0377,0.0943,0.0293,0.0176,0.044,0.0223,2.4e-05,0.0446,0.859,0.003,250
557,RICE2,RICE-2 (Thick Cumulus / Heavy Cloud & Inpainting),50.37,0.5002,0.607,0.0651,0.0391,0.0977,0.03,0.018,0.045,0.023,2.4e-05,0.0444,0.909,0.003,250
558,RICE2,RICE-2 (Thick Cumulus / Heavy Cloud & Inpainting),0.73,0.5315,0.5639,0.0507,0.0304,0.0761,0.0251,0.0151,0.0377,0.0181,2.4e-05,0.044,0.604,0.003,250
559,RICE2,RICE-2 (Thick Cumulus / Heavy Cloud & Inpainting),0.88,0.5158,0.599,0.0505,0.0303,0.0758,0.0251,0.0151,0.0377,0.0181,2.4e-05,0.0439,0.605,0.003,250
560,RICE2,RICE-2 (Thick Cumulus / Heavy Cloud & Inpainting),1.15,0.512,0.6087,0.0505,0.0303,0.0758,0.0251,0.0151,0.0377,0.0181,2.4e-05,0.0438,0.607,0.003,250
561,RICE2,RICE-2 (Thick Cumulus / Heavy Cloud & Inpainting),0.16,0.4107,0.705,0.05,0.03,0.075,0.025,0.015,0.0375,0.018,2.4e-05,0.0439,0.601,0.003,250
562,RICE2,RICE-2 (Thick Cumulus / Heavy Cloud & Inpainting),38.01,0.5037,0.5881,0.0615,0.0369,0.0922,0.0288,0.0173,0.0432,0.0218,2.4e-05,0.0443,0.829,0.003,250
563,RICE2,RICE-2 (Thick Cumulus / Heavy Cloud & Inpainting),30.75,0.5274,0.5781,0.0596,0.0358,0.0894,0.0281,0.0169,0.0421,0.0211,2.4e-05,0.0441,0.787,0.003,250
564,RICE2,RICE-2 (Thick Cumulus / Heavy Cloud & Inpainting),24.87,0.4548,0.6553,0.0575,0.0345,0.0863,0.0275,0.0165,0.0413,0.0205,2.4e-05,0.044,0.749,0.003,250
565,RICE2,RICE-2 (Thick Cumulus / Heavy Cloud & Inpainting),0.77,0.5254,0.571,0.0506,0.0304,0.0759,0.0251,0.0151,0.0377,0.0181,2.4e-05,0.0439,0.605,0.003,250
566,RICE2,RICE-2 (Thick Cumulus / Heavy Cloud & Inpainting),0.0,0.5088,0.5956,0.0501,0.0301,0.0751,0.025,0.015,0.0375,0.018,2.4e-05,0.0438,0.6,0.003,250
567,RICE2,RICE-2 (Thick Cumulus / Heavy Cloud & Inpainting),0.0,0.4472,0.6759,0.05,0.03,0.075,0.025,0.015,0.0375,0.018,2.4e-05,0.0437,0.6,0.003,250
568,RICE2,RICE-2 (Thick Cumulus / Heavy Cloud & Inpainting),0.0,0.3727,0.7443,0.05,0.03,0.075,0.025,0.015,0.0375,0.018,2.4e-05,0.0441,0.6,0.003,250
569,RICE2,RICE-2 (Thick Cumulus / Heavy Cloud & Inpainting),0.0,0.4351,0.6988,0.05,0.03,0.075,0.025,0.015,0.0375,0.018,2.4e-05,0.0438,0.6,0.003,250
570,RICE2,RICE-2 (Thick Cumulus / Heavy Cloud & Inpainting),0.0,0.4666,0.6351,0.05,0.03,0.075,0.025,0.015,0.0375,0.018,2.4e-05,0.0438,0.6,0.003,250
571,RICE2,RICE-2 (Thick Cumulus / Heavy Cloud & Inpainting),10.45,0.4492,0.654,0.0531,0.0319,0.0796,0.026,0.0156,0.039,0.019,2.4e-05,0.0438,0.663,0.003,250
572,RICE2,RICE-2 (Thick Cumulus / Heavy Cloud & Inpainting),6.72,0.5085,0.5947,0.0521,0.0313,0.0781,0.0257,0.0154,0.0386,0.0187,2.4e-05,0.0439,0.64,0.003,250
573,RICE2,RICE-2 (Thick Cumulus / Heavy Cloud & Inpainting),12.47,0.4916,0.5916,0.0537,0.0322,0.0805,0.0262,0.0157,0.0393,0.0192,2.4e-05,0.0439,0.675,0.003,250
574,RICE2,RICE-2 (Thick Cumulus / Heavy Cloud & Inpainting),0.0,0.423,0.6563,0.05,0.03,0.075,0.025,0.015,0.0375,0.018,2.4e-05,0.0438,0.6,0.003,250
575,RICE2,RICE-2 (Thick Cumulus / Heavy Cloud & Inpainting),0.5,0.366,0.7376,0.0501,0.0301,0.0751,0.025,0.015,0.0375,0.018,2.4e-05,0.0439,0.603,0.003,250
576,RICE2,RICE-2 (Thick Cumulus / Heavy Cloud & Inpainting),43.82,0.549,0.6317,0.0639,0.0383,0.0958,0.0294,0.0176,0.0441,0.0224,2.4e-05,0.0445,0.879,0.003,250
577,RICE2,RICE-2 (Thick Cumulus / Heavy Cloud & Inpainting),14.88,0.4257,0.7063,0.0545,0.0327,0.0818,0.0265,0.0159,0.0398,0.0195,2.4e-05,0.0439,0.689,0.003,250
578,RICE2,RICE-2 (Thick Cumulus / Heavy Cloud & Inpainting),8.45,0.2083,0.8807,0.0525,0.0315,0.0788,0.0329,0.0197,0.0493,0.0188,2.4e-05,0.0446,0.651,0.003,250
579,RICE2,RICE-2 (Thick Cumulus / Heavy Cloud & Inpainting),5.58,0.1775,0.8951,0.0517,0.031,0.0776,0.0359,0.0215,0.0539,0.0186,2.4e-05,0.0448,0.633,0.003,250
580,RICE2,RICE-2 (Thick Cumulus / Heavy Cloud & Inpainting),4.08,0.1718,0.8989,0.0512,0.0307,0.0768,0.0361,0.0217,0.0542,0.0184,2.4e-05,0.0448,0.624,0.003,250
581,RICE2,RICE-2 (Thick Cumulus / Heavy Cloud & Inpainting),5.74,0.1788,0.896,0.0517,0.031,0.0776,0.0351,0.0211,0.0527,0.0186,2.4e-05,0.045,0.634,0.003,250
582,RICE2,RICE-2 (Thick Cumulus / Heavy Cloud & Inpainting),2.73,0.161,0.9029,0.0508,0.0305,0.0762,0.0368,0.0221,0.0552,0.0183,2.4e-05,0.0448,0.616,0.003,250
583,RICE2,RICE-2 (Thick Cumulus / Heavy Cloud & Inpainting),0.71,0.1492,0.9038,0.0502,0.0301,0.0753,0.0378,0.0227,0.0567,0.0181,2.4e-05,0.0448,0.604,0.003,250
584,RICE2,RICE-2 (Thick Cumulus / Heavy Cloud & Inpainting),3.42,0.1626,0.9067,0.051,0.0306,0.0765,0.0368,0.0221,0.0552,0.0183,2.4e-05,0.0448,0.62,0.003,250
585,RICE2,RICE-2 (Thick Cumulus / Heavy Cloud & Inpainting),2.58,0.2053,0.8636,0.0508,0.0305,0.0762,0.032,0.0192,0.048,0.0183,2.4e-05,0.0445,0.615,0.003,250
586,RICE2,RICE-2 (Thick Cumulus / Heavy Cloud & Inpainting),19.76,0.2396,0.8762,0.0559,0.0335,0.0838,0.0334,0.02,0.0501,0.02,2.4e-05,0.045,0.719,0.003,250
587,RICE2,RICE-2 (Thick Cumulus / Heavy Cloud & Inpainting),11.91,0.2094,0.8873,0.0536,0.0322,0.0804,0.034,0.0204,0.051,0.0192,2.4e-05,0.0448,0.671,0.003,250
588,RICE2,RICE-2 (Thick Cumulus / Heavy Cloud & Inpainting),4.98,0.176,0.893,0.0515,0.0309,0.0772,0.0359,0.0215,0.0539,0.0185,2.4e-05,0.0448,0.63,0.003,250
589,RICE2,RICE-2 (Thick Cumulus / Heavy Cloud & Inpainting),0.59,0.1516,0.903,0.0502,0.0301,0.0753,0.0378,0.0227,0.0567,0.0181,2.4e-05,0.0449,0.604,0.003,250
590,RICE2,RICE-2 (Thick Cumulus / Heavy Cloud & Inpainting),0.02,0.1543,0.8931,0.05,0.03,0.075,0.0363,0.0218,0.0544,0.018,2.4e-05,0.045,0.6,0.003,250
591,RICE2,RICE-2 (Thick Cumulus / Heavy Cloud & Inpainting),0.0,0.1505,0.8963,0.05,0.03,0.075,0.0368,0.0221,0.0552,0.018,2.4e-05,0.045,0.6,0.003,250
592,RICE2,RICE-2 (Thick Cumulus / Heavy Cloud & Inpainting),1.06,0.1565,0.8978,0.0503,0.0302,0.0754,0.0364,0.0218,0.0546,0.0181,2.4e-05,0.045,0.606,0.003,250
593,RICE2,RICE-2 (Thick Cumulus / Heavy Cloud & Inpainting),13.66,0.2098,0.89,0.0541,0.0325,0.0811,0.0336,0.0202,0.0504,0.0194,2.4e-05,0.045,0.682,0.003,250
594,RICE2,RICE-2 (Thick Cumulus / Heavy Cloud & Inpainting),0.17,0.1544,0.898,0.0501,0.0301,0.0751,0.0379,0.0227,0.0569,0.018,2.4e-05,0.0449,0.601,0.003,250
595,RICE2,RICE-2 (Thick Cumulus / Heavy Cloud & Inpainting),3.59,0.1734,0.8963,0.0511,0.0307,0.0766,0.0357,0.0214,0.0536,0.0184,2.4e-05,0.0449,0.622,0.003,250
596,RICE2,RICE-2 (Thick Cumulus / Heavy Cloud & Inpainting),8.7,0.194,0.8971,0.0526,0.0316,0.0789,0.0342,0.0205,0.0513,0.0189,2.4e-05,0.0449,0.652,0.003,250
597,RICE2,RICE-2 (Thick Cumulus / Heavy Cloud & Inpainting),1.31,0.1598,0.8985,0.0504,0.0302,0.0756,0.0365,0.0219,0.0547,0.0181,2.4e-05,0.045,0.608,0.003,250
598,RICE2,RICE-2 (Thick Cumulus / Heavy Cloud & Inpainting),4.76,0.1724,0.8967,0.0514,0.0308,0.0771,0.0353,0.0212,0.0529,0.0185,2.4e-05,0.045,0.629,0.003,250
599,RICE2,RICE-2 (Thick Cumulus / Heavy Cloud & Inpainting),0.67,0.1591,0.8934,0.0502,0.0301,0.0753,0.0359,0.0215,0.0539,0.0181,2.4e-05,0.045,0.604,0.003,250
600,RICE2,RICE-2 (Thick Cumulus / Heavy Cloud & Inpainting),0.4,0.1643,0.886,0.0501,0.0301,0.0751,0.0354,0.0212,0.0531,0.018,2.4e-05,0.0449,0.602,0.003,250
601,RICE2,RICE-2 (Thick Cumulus / Heavy Cloud & Inpainting),2.25,0.1714,0.8893,0.0507,0.0304,0.0761,0.0351,0.0211,0.0527,0.0182,2.4e-05,0.045,0.614,0.003,250
602,RICE2,RICE-2 (Thick Cumulus / Heavy Cloud & Inpainting),18.6,0.2286,0.8813,0.0556,0.0334,0.0834,0.0329,0.0197,0.0493,0.0199,2.4e-05,0.045,0.712,0.003,250
603,RICE2,RICE-2 (Thick Cumulus / Heavy Cloud & Inpainting),2.39,0.1645,0.8983,0.0507,0.0304,0.0761,0.0365,0.0219,0.0547,0.0182,2.4e-05,0.0449,0.614,0.003,250
604,RICE2,RICE-2 (Thick Cumulus / Heavy Cloud & Inpainting),1.77,0.1599,0.8973,0.0505,0.0303,0.0758,0.0369,0.0221,0.0554,0.0182,2.4e-05,0.045,0.611,0.003,250
605,RICE2,RICE-2 (Thick Cumulus / Heavy Cloud & Inpainting),0.23,0.1536,0.8982,0.0501,0.0301,0.0751,0.0375,0.0225,0.0562,0.018,2.4e-05,0.045,0.601,0.003,250
606,RICE2,RICE-2 (Thick Cumulus / Heavy Cloud & Inpainting),0.8,0.1545,0.8979,0.0502,0.0301,0.0753,0.0366,0.022,0.0549,0.0181,2.4e-05,0.0451,0.605,0.003,250
607,RICE2,RICE-2 (Thick Cumulus / Heavy Cloud & Inpainting),0.35,0.1508,0.8998,0.0501,0.0301,0.0751,0.037,0.0222,0.0555,0.018,2.4e-05,0.0451,0.602,0.003,250
608,RICE2,RICE-2 (Thick Cumulus / Heavy Cloud & Inpainting),0.0,0.1513,0.8966,0.05,0.03,0.075,0.0369,0.0221,0.0554,0.018,2.4e-05,0.0451,0.6,0.003,250
609,RICE2,RICE-2 (Thick Cumulus / Heavy Cloud & Inpainting),0.09,0.165,0.8836,0.05,0.03,0.075,0.0354,0.0212,0.0531,0.018,2.4e-05,0.0449,0.601,0.003,250
610,RICE2,RICE-2 (Thick Cumulus / Heavy Cloud & Inpainting),0.41,0.1722,0.8795,0.0501,0.0301,0.0751,0.0351,0.0211,0.0527,0.018,2.4e-05,0.045,0.602,0.003,250
611,RICE2,RICE-2 (Thick Cumulus / Heavy Cloud & Inpainting),4.79,0.1871,0.879,0.0514,0.0308,0.0771,0.0343,0.0206,0.0514,0.0185,2.4e-05,0.045,0.629,0.003,250
612,RICE2,RICE-2 (Thick Cumulus / Heavy Cloud & Inpainting),1.91,0.1644,0.8953,0.0506,0.0304,0.0759,0.0361,0.0217,0.0542,0.0182,2.4e-05,0.0451,0.611,0.003,250
613,RICE2,RICE-2 (Thick Cumulus / Heavy Cloud & Inpainting),0.2,0.1515,0.8998,0.0501,0.0301,0.0751,0.0379,0.0227,0.0569,0.018,2.4e-05,0.045,0.601,0.003,250
614,RICE2,RICE-2 (Thick Cumulus / Heavy Cloud & Inpainting),5.88,0.1768,0.8979,0.0518,0.0311,0.0777,0.0356,0.0214,0.0534,0.0186,2.4e-05,0.0449,0.635,0.003,250
615,RICE2,RICE-2 (Thick Cumulus / Heavy Cloud & Inpainting),4.97,0.1743,0.8975,0.0515,0.0309,0.0772,0.0352,0.0211,0.0528,0.0185,2.4e-05,0.0451,0.63,0.003,250
616,RICE2,RICE-2 (Thick Cumulus / Heavy Cloud & Inpainting),1.87,0.1654,0.8903,0.0506,0.0304,0.0759,0.0355,0.0213,0.0532,0.0182,2.4e-05,0.045,0.611,0.003,250
617,RICE2,RICE-2 (Thick Cumulus / Heavy Cloud & Inpainting),0.45,0.1576,0.8954,0.0501,0.0301,0.0751,0.0365,0.0219,0.0547,0.018,2.4e-05,0.0451,0.603,0.003,250
618,RICE2,RICE-2 (Thick Cumulus / Heavy Cloud & Inpainting),5.81,0.1845,0.8829,0.0517,0.031,0.0776,0.0346,0.0208,0.0519,0.0186,2.4e-05,0.0451,0.635,0.003,250
619,RICE2,RICE-2 (Thick Cumulus / Heavy Cloud & Inpainting),30.78,0.2566,0.8462,0.0592,0.0355,0.0888,0.0338,0.0203,0.0507,0.0211,2.4e-05,0.0452,0.785,0.003,250
620,RICE2,RICE-2 (Thick Cumulus / Heavy Cloud & Inpainting),13.41,0.2206,0.8653,0.054,0.0324,0.081,0.0334,0.02,0.0501,0.0193,2.4e-05,0.045,0.68,0.003,250
621,RICE2,RICE-2 (Thick Cumulus / Heavy Cloud & Inpainting),1.74,0.1628,0.8925,0.0505,0.0303,0.0758,0.0363,0.0218,0.0544,0.0182,2.4e-05,0.0451,0.61,0.003,250
622,RICE2,RICE-2 (Thick Cumulus / Heavy Cloud & Inpainting),0.45,0.1549,0.8983,0.0501,0.0301,0.0751,0.0373,0.0224,0.0559,0.018,2.4e-05,0.0451,0.603,0.003,250
623,RICE2,RICE-2 (Thick Cumulus / Heavy Cloud & Inpainting),0.66,0.1533,0.9013,0.0502,0.0301,0.0753,0.0378,0.0227,0.0567,0.0181,2.4e-05,0.0449,0.604,0.003,250
624,RICE2,RICE-2 (Thick Cumulus / Heavy Cloud & Inpainting),5.58,0.1812,0.8941,0.0517,0.031,0.0776,0.035,0.021,0.0525,0.0186,2.4e-05,0.0449,0.633,0.003,250
625,RICE2,RICE-2 (Thick Cumulus / Heavy Cloud & Inpainting),17.0,0.2236,0.8753,0.0551,0.0331,0.0827,0.0333,0.02,0.05,0.0197,2.4e-05,0.0451,0.702,0.003,250
626,RICE2,RICE-2 (Thick Cumulus / Heavy Cloud & Inpainting),14.46,0.218,0.8785,0.0543,0.0326,0.0814,0.0335,0.0201,0.0503,0.0194,2.4e-05,0.045,0.687,0.003,250
627,RICE2,RICE-2 (Thick Cumulus / Heavy Cloud & Inpainting),15.81,0.2228,0.8757,0.0547,0.0328,0.082,0.0332,0.0199,0.0498,0.0196,2.4e-05,0.045,0.695,0.003,250
628,RICE2,RICE-2 (Thick Cumulus / Heavy Cloud & Inpainting),16.49,0.2301,0.8612,0.0549,0.0329,0.0823,0.0333,0.02,0.05,0.0196,2.4e-05,0.0451,0.699,0.003,250
629,RICE2,RICE-2 (Thick Cumulus / Heavy Cloud & Inpainting),22.7,0.2405,0.8559,0.0568,0.0341,0.0852,0.0337,0.0202,0.0505,0.0203,2.4e-05,0.0451,0.736,0.003,250
630,RICE2,RICE-2 (Thick Cumulus / Heavy Cloud & Inpainting),10.1,0.1981,0.892,0.053,0.0318,0.0795,0.0337,0.0202,0.0505,0.019,2.4e-05,0.0449,0.661,0.003,250
631,RICE2,RICE-2 (Thick Cumulus / Heavy Cloud & Inpainting),11.75,0.206,0.8888,0.0535,0.0321,0.0803,0.0338,0.0203,0.0507,0.0192,2.4e-05,0.0451,0.67,0.003,250
632,RICE2,RICE-2 (Thick Cumulus / Heavy Cloud & Inpainting),17.83,0.2374,0.8809,0.0553,0.0332,0.0829,0.0332,0.0199,0.0498,0.0198,2.4e-05,0.045,0.71,0.003,250
633,RICE2,RICE-2 (Thick Cumulus / Heavy Cloud & Inpainting),19.07,0.2371,0.875,0.0557,0.0334,0.0835,0.0333,0.02,0.05,0.0199,2.4e-05,0.0451,0.714,0.003,250
634,RICE2,RICE-2 (Thick Cumulus / Heavy Cloud & Inpainting),6.0,0.1879,0.8861,0.0518,0.0311,0.0777,0.0349,0.0209,0.0524,0.0186,2.4e-05,0.045,0.636,0.003,250
635,RICE2,RICE-2 (Thick Cumulus / Heavy Cloud & Inpainting),6.98,0.1914,0.8891,0.0521,0.0313,0.0781,0.0345,0.0207,0.0518,0.0187,2.4e-05,0.0449,0.642,0.003,250
636,RICE2,RICE-2 (Thick Cumulus / Heavy Cloud & Inpainting),19.15,0.2394,0.8802,0.0557,0.0334,0.0835,0.0327,0.0196,0.049,0.0199,2.4e-05,0.0449,0.715,0.003,250
637,RICE2,RICE-2 (Thick Cumulus / Heavy Cloud & Inpainting),11.41,0.2134,0.8774,0.0534,0.032,0.0801,0.0334,0.02,0.0501,0.0191,2.4e-05,0.045,0.668,0.003,250
638,RICE2,RICE-2 (Thick Cumulus / Heavy Cloud & Inpainting),16.95,0.2323,0.8689,0.0551,0.0331,0.0827,0.0331,0.0199,0.0496,0.0197,2.4e-05,0.045,0.702,0.003,250
639,RICE2,RICE-2 (Thick Cumulus / Heavy Cloud & Inpainting),3.12,0.1733,0.8929,0.0509,0.0305,0.0764,0.0354,0.0212,0.0531,0.0183,2.4e-05,0.0451,0.619,0.003,250
640,RICE2,RICE-2 (Thick Cumulus / Heavy Cloud & Inpainting),1.26,0.1606,0.8986,0.0504,0.0302,0.0756,0.0366,0.022,0.0549,0.0181,2.4e-05,0.0451,0.608,0.003,250
641,RICE2,RICE-2 (Thick Cumulus / Heavy Cloud & Inpainting),1.77,0.1668,0.8947,0.0505,0.0303,0.0758,0.0361,0.0217,0.0542,0.0182,2.4e-05,0.045,0.611,0.003,250
642,RICE2,RICE-2 (Thick Cumulus / Heavy Cloud & Inpainting),1.52,0.1665,0.8924,0.0505,0.0303,0.0758,0.0357,0.0214,0.0536,0.0182,2.4e-05,0.0451,0.609,0.003,250
643,RICE2,RICE-2 (Thick Cumulus / Heavy Cloud & Inpainting),1.59,0.1643,0.8965,0.0505,0.0303,0.0758,0.0361,0.0217,0.0542,0.0182,2.4e-05,0.0451,0.61,0.003,250
644,RICE2,RICE-2 (Thick Cumulus / Heavy Cloud & Inpainting),7.73,0.1883,0.8893,0.0523,0.0314,0.0784,0.0342,0.0205,0.0513,0.0188,2.4e-05,0.045,0.646,0.003,250
645,RICE2,RICE-2 (Thick Cumulus / Heavy Cloud & Inpainting),27.21,0.2632,0.8791,0.0582,0.0349,0.0873,0.0324,0.0194,0.0486,0.0207,2.4e-05,0.0449,0.763,0.003,250
646,RICE2,RICE-2 (Thick Cumulus / Heavy Cloud & Inpainting),24.45,0.2534,0.874,0.0573,0.0344,0.0859,0.0327,0.0196,0.049,0.0204,2.4e-05,0.045,0.747,0.003,250
647,RICE2,RICE-2 (Thick Cumulus / Heavy Cloud & Inpainting),17.01,0.233,0.8768,0.0551,0.0331,0.0827,0.033,0.0198,0.0495,0.0197,2.4e-05,0.045,0.702,0.003,250
648,RICE2,RICE-2 (Thick Cumulus / Heavy Cloud & Inpainting),2.62,0.1694,0.8919,0.0508,0.0305,0.0762,0.0358,0.0215,0.0537,0.0183,2.4e-05,0.0451,0.616,0.003,250
649,RICE2,RICE-2 (Thick Cumulus / Heavy Cloud & Inpainting),0.36,0.1551,0.8984,0.0501,0.0301,0.0751,0.037,0.0222,0.0555,0.018,2.4e-05,0.0451,0.602,0.003,250
650,RICE2,RICE-2 (Thick Cumulus / Heavy Cloud & Inpainting),0.87,0.1559,0.8997,0.0503,0.0302,0.0754,0.0367,0.022,0.0551,0.0181,2.4e-05,0.045,0.605,0.003,250
651,RICE2,RICE-2 (Thick Cumulus / Heavy Cloud & Inpainting),0.7,0.1566,0.8958,0.0502,0.0301,0.0753,0.0364,0.0218,0.0546,0.0181,2.4e-05,0.045,0.604,0.003,250
652,RICE2,RICE-2 (Thick Cumulus / Heavy Cloud & Inpainting),1.88,0.1642,0.8922,0.0506,0.0304,0.0759,0.0355,0.0213,0.0532,0.0182,2.4e-05,0.045,0.611,0.003,250
653,RICE2,RICE-2 (Thick Cumulus / Heavy Cloud & Inpainting),12.1,0.201,0.8873,0.0536,0.0322,0.0804,0.0335,0.0201,0.0503,0.0192,2.4e-05,0.0449,0.673,0.003,250
654,RICE2,RICE-2 (Thick Cumulus / Heavy Cloud & Inpainting),54.58,0.2858,0.8598,0.0664,0.0398,0.0996,0.0343,0.0206,0.0514,0.0235,1.6e-05,0.0449,0.927,0.003,250
655,RICE2,RICE-2 (Thick Cumulus / Heavy Cloud & Inpainting),23.57,0.2383,0.8722,0.0571,0.0343,0.0857,0.033,0.0198,0.0495,0.0204,2.4e-05,0.0449,0.741,0.003,250
656,RICE2,RICE-2 (Thick Cumulus / Heavy Cloud & Inpainting),17.07,0.2299,0.8745,0.0551,0.0331,0.0827,0.033,0.0198,0.0495,0.0197,2.4e-05,0.045,0.702,0.003,250
657,RICE2,RICE-2 (Thick Cumulus / Heavy Cloud & Inpainting),53.71,0.2183,0.8458,0.0661,0.0397,0.0992,0.0378,0.0227,0.0567,0.0234,2.4e-05,0.0453,0.922,0.003,250
658,RICE2,RICE-2 (Thick Cumulus / Heavy Cloud & Inpainting),9.5,0.1736,0.8835,0.0529,0.0317,0.0794,0.0358,0.0215,0.0537,0.019,2.4e-05,0.0451,0.657,0.003,250
659,RICE2,RICE-2 (Thick Cumulus / Heavy Cloud & Inpainting),4.46,0.1691,0.8922,0.0513,0.0308,0.0769,0.0357,0.0214,0.0536,0.0184,2.4e-05,0.0451,0.627,0.003,250
660,RICE2,RICE-2 (Thick Cumulus / Heavy Cloud & Inpainting),0.21,0.1612,0.8905,0.0501,0.0301,0.0751,0.0359,0.0215,0.0539,0.018,2.4e-05,0.045,0.601,0.003,250
661,RICE2,RICE-2 (Thick Cumulus / Heavy Cloud & Inpainting),2.04,0.1756,0.8798,0.0506,0.0304,0.0759,0.035,0.021,0.0525,0.0182,2.4e-05,0.0451,0.612,0.003,250
662,RICE2,RICE-2 (Thick Cumulus / Heavy Cloud & Inpainting),3.1,0.1752,0.8886,0.0509,0.0305,0.0764,0.0347,0.0208,0.052,0.0183,2.4e-05,0.0449,0.619,0.003,250
663,RICE2,RICE-2 (Thick Cumulus / Heavy Cloud & Inpainting),8.77,0.1964,0.8883,0.0526,0.0316,0.0789,0.0335,0.0201,0.0503,0.0189,2.4e-05,0.0449,0.653,0.003,250
664,RICE2,RICE-2 (Thick Cumulus / Heavy Cloud & Inpainting),16.39,0.2217,0.881,0.0549,0.0329,0.0823,0.0327,0.0196,0.049,0.0196,2.4e-05,0.0448,0.698,0.003,250
665,RICE2,RICE-2 (Thick Cumulus / Heavy Cloud & Inpainting),7.02,0.1907,0.885,0.0521,0.0313,0.0781,0.0337,0.0202,0.0505,0.0187,2.4e-05,0.0449,0.642,0.003,250
666,RICE2,RICE-2 (Thick Cumulus / Heavy Cloud & Inpainting),3.95,0.4158,0.7919,0.0512,0.0307,0.0768,0.0254,0.0152,0.0381,0.0184,2.4e-05,0.0513,0.624,0.003,250
667,RICE2,RICE-2 (Thick Cumulus / Heavy Cloud & Inpainting),0.11,0.401,0.8257,0.05,0.03,0.075,0.025,0.015,0.0375,0.018,2.4e-05,0.0531,0.601,0.003,250
668,RICE2,RICE-2 (Thick Cumulus / Heavy Cloud & Inpainting),0.0,0.4117,0.8163,0.05,0.03,0.075,0.025,0.015,0.0375,0.018,2.4e-05,0.0532,0.6,0.003,250
669,RICE2,RICE-2 (Thick Cumulus / Heavy Cloud & Inpainting),0.0,0.4178,0.8188,0.05,0.03,0.075,0.025,0.015,0.0375,0.018,2.4e-05,0.0527,0.6,0.003,250
670,RICE2,RICE-2 (Thick Cumulus / Heavy Cloud & Inpainting),0.57,0.2931,0.88,0.0502,0.0301,0.0753,0.0251,0.0151,0.0377,0.0181,2.4e-05,0.0495,0.603,0.003,250
671,RICE2,RICE-2 (Thick Cumulus / Heavy Cloud & Inpainting),0.0,0.1115,0.9381,0.05,0.03,0.075,0.04,0.024,0.06,0.018,2.4e-05,0.0432,0.6,0.003,250
672,RICE2,RICE-2 (Thick Cumulus / Heavy Cloud & Inpainting),0.0,0.1105,0.9397,0.05,0.03,0.075,0.04,0.024,0.06,0.018,2.4e-05,0.0427,0.6,0.003,250
673,RICE2,RICE-2 (Thick Cumulus / Heavy Cloud & Inpainting),0.28,0.1065,0.9413,0.0501,0.0301,0.0751,0.04,0.024,0.06,0.018,2.4e-05,0.0426,0.602,0.003,250
674,RICE2,RICE-2 (Thick Cumulus / Heavy Cloud & Inpainting),0.05,0.1145,0.9348,0.05,0.03,0.075,0.04,0.024,0.06,0.018,2.4e-05,0.0427,0.6,0.003,250
675,RICE2,RICE-2 (Thick Cumulus / Heavy Cloud & Inpainting),0.97,0.1069,0.9432,0.0503,0.0302,0.0754,0.0401,0.0241,0.0601,0.0181,2.4e-05,0.0427,0.606,0.003,250
676,RICE2,RICE-2 (Thick Cumulus / Heavy Cloud & Inpainting),22.99,0.4064,0.7913,0.0569,0.0341,0.0853,0.0273,0.0164,0.041,0.0203,2.4e-05,0.0543,0.738,0.003,250
677,RICE2,RICE-2 (Thick Cumulus / Heavy Cloud & Inpainting),33.88,0.4204,0.7646,0.0602,0.0361,0.0903,0.0284,0.017,0.0426,0.0214,2.4e-05,0.0529,0.803,0.003,250
678,RICE2,RICE-2 (Thick Cumulus / Heavy Cloud & Inpainting),0.02,0.4176,0.798,0.05,0.03,0.075,0.025,0.015,0.0375,0.018,2.4e-05,0.0536,0.6,0.003,250
679,RICE2,RICE-2 (Thick Cumulus / Heavy Cloud & Inpainting),0.0,0.363,0.8467,0.05,0.03,0.075,0.025,0.015,0.0375,0.018,2.4e-05,0.051,0.6,0.003,250
680,RICE2,RICE-2 (Thick Cumulus / Heavy Cloud & Inpainting),0.0,0.1227,0.9485,0.05,0.03,0.075,0.04,0.024,0.06,0.018,2.4e-05,0.0431,0.6,0.003,250
681,RICE2,RICE-2 (Thick Cumulus / Heavy Cloud & Inpainting),0.0,0.116,0.935,0.05,0.03,0.075,0.04,0.024,0.06,0.018,2.4e-05,0.0431,0.6,0.003,250
682,RICE2,RICE-2 (Thick Cumulus / Heavy Cloud & Inpainting),0.13,0.1191,0.9325,0.05,0.03,0.075,0.04,0.024,0.06,0.018,2.4e-05,0.0432,0.601,0.003,250
683,RICE2,RICE-2 (Thick Cumulus / Heavy Cloud & Inpainting),0.0,0.1008,0.9456,0.05,0.03,0.075,0.04,0.024,0.06,0.018,2.4e-05,0.0424,0.6,0.003,250
684,RICE2,RICE-2 (Thick Cumulus / Heavy Cloud & Inpainting),0.0,0.106,0.9401,0.05,0.03,0.075,0.04,0.024,0.06,0.018,2.4e-05,0.0423,0.6,0.003,250
685,RICE2,RICE-2 (Thick Cumulus / Heavy Cloud & Inpainting),0.0,0.1082,0.9387,0.05,0.03,0.075,0.04,0.024,0.06,0.018,2.4e-05,0.0427,0.6,0.003,250
686,RICE2,RICE-2 (Thick Cumulus / Heavy Cloud & Inpainting),44.19,0.3457,0.8165,0.0633,0.038,0.0949,0.0294,0.0176,0.0441,0.0224,2.4e-05,0.0498,0.865,0.003,250
687,RICE2,RICE-2 (Thick Cumulus / Heavy Cloud & Inpainting),67.12,0.2813,0.8342,0.0701,0.0421,0.1051,0.0345,0.0207,0.0518,0.0247,2.4e-05,0.0476,1.003,0.003,250
688,RICE2,RICE-2 (Thick Cumulus / Heavy Cloud & Inpainting),15.47,0.3119,0.8373,0.0546,0.0328,0.0819,0.0267,0.016,0.0401,0.0195,2.4e-05,0.0494,0.693,0.003,250
689,RICE2,RICE-2 (Thick Cumulus / Heavy Cloud & Inpainting),0.41,0.1942,0.8805,0.0501,0.0301,0.0751,0.0313,0.0188,0.047,0.018,2.4e-05,0.0447,0.602,0.003,250
690,RICE2,RICE-2 (Thick Cumulus / Heavy Cloud & Inpainting),0.97,0.1446,0.9045,0.0503,0.0302,0.0754,0.0396,0.0238,0.0594,0.0181,2.4e-05,0.0435,0.606,0.003,250
691,RICE2,RICE-2 (Thick Cumulus / Heavy Cloud & Inpainting),0.0,0.1153,0.9331,0.05,0.03,0.075,0.04,0.024,0.06,0.018,2.4e-05,0.043,0.6,0.003,250
692,RICE2,RICE-2 (Thick Cumulus / Heavy Cloud & Inpainting),0.0,0.1136,0.9354,0.05,0.03,0.075,0.04,0.024,0.06,0.018,2.4e-05,0.0433,0.6,0.003,250
693,RICE2,RICE-2 (Thick Cumulus / Heavy Cloud & Inpainting),0.0,0.1018,0.9454,0.05,0.03,0.075,0.04,0.024,0.06,0.018,2.4e-05,0.0426,0.6,0.003,250
694,RICE2,RICE-2 (Thick Cumulus / Heavy Cloud & Inpainting),0.0,0.1059,0.9402,0.05,0.03,0.075,0.04,0.024,0.06,0.018,2.4e-05,0.0424,0.6,0.003,250
695,RICE2,RICE-2 (Thick Cumulus / Heavy Cloud & Inpainting),0.0,0.1187,0.9274,0.05,0.03,0.075,0.04,0.024,0.06,0.018,2.4e-05,0.0429,0.6,0.003,250
696,RICE2,RICE-2 (Thick Cumulus / Heavy Cloud & Inpainting),5.66,0.2559,0.8746,0.0517,0.031,0.0776,0.0273,0.0164,0.041,0.0186,2.4e-05,0.0457,0.634,0.003,250
697,RICE2,RICE-2 (Thick Cumulus / Heavy Cloud & Inpainting),0.18,0.1403,0.9211,0.0501,0.0301,0.0751,0.04,0.024,0.06,0.018,2.4e-05,0.0435,0.601,0.003,250
698,RICE2,RICE-2 (Thick Cumulus / Heavy Cloud & Inpainting),2.02,0.1498,0.9107,0.0506,0.0304,0.0759,0.0402,0.0241,0.0603,0.0182,2.4e-05,0.0435,0.612,0.003,250
699,RICE2,RICE-2 (Thick Cumulus / Heavy Cloud & Inpainting),6.39,0.1485,0.9082,0.0519,0.0311,0.0779,0.0397,0.0238,0.0595,0.0186,2.4e-05,0.0437,0.638,0.003,250
700,RICE2,RICE-2 (Thick Cumulus / Heavy Cloud & Inpainting),0.02,0.1368,0.9131,0.05,0.03,0.075,0.04,0.024,0.06,0.018,2.4e-05,0.0434,0.6,0.003,250
701,RICE2,RICE-2 (Thick Cumulus / Heavy Cloud & Inpainting),0.02,0.1162,0.9326,0.05,0.03,0.075,0.04,0.024,0.06,0.018,2.4e-05,0.0431,0.6,0.003,250
702,RICE2,RICE-2 (Thick Cumulus / Heavy Cloud & Inpainting),0.0,0.1089,0.9398,0.05,0.03,0.075,0.04,0.024,0.06,0.018,2.4e-05,0.0427,0.6,0.003,250
703,RICE2,RICE-2 (Thick Cumulus / Heavy Cloud & Inpainting),0.0,0.1165,0.9312,0.05,0.03,0.075,0.04,0.024,0.06,0.018,2.4e-05,0.0425,0.6,0.003,250
704,RICE2,RICE-2 (Thick Cumulus / Heavy Cloud & Inpainting),0.87,0.1293,0.9186,0.0503,0.0302,0.0754,0.0401,0.0241,0.0601,0.0181,2.4e-05,0.0433,0.605,0.003,250
705,RICE2,RICE-2 (Thick Cumulus / Heavy Cloud & Inpainting),0.0,0.1087,0.9369,0.05,0.03,0.075,0.04,0.024,0.06,0.018,2.4e-05,0.0431,0.6,0.003,250
706,RICE2,RICE-2 (Thick Cumulus / Heavy Cloud & Inpainting),9.12,0.1957,0.8945,0.0527,0.0316,0.079,0.0333,0.02,0.05,0.0189,2.4e-05,0.0441,0.655,0.003,250
707,RICE2,RICE-2 (Thick Cumulus / Heavy Cloud & Inpainting),0.0,0.1166,0.9352,0.05,0.03,0.075,0.04,0.024,0.06,0.018,2.4e-05,0.042,0.6,0.003,250
708,RICE2,RICE-2 (Thick Cumulus / Heavy Cloud & Inpainting),0.0,0.1147,0.9363,0.05,0.03,0.075,0.04,0.024,0.06,0.018,2.4e-05,0.0424,0.6,0.003,250
709,RICE2,RICE-2 (Thick Cumulus / Heavy Cloud & Inpainting),0.84,0.1318,0.9184,0.0503,0.0302,0.0754,0.0401,0.0241,0.0601,0.0181,2.4e-05,0.0432,0.605,0.003,250
710,RICE2,RICE-2 (Thick Cumulus / Heavy Cloud & Inpainting),0.42,0.1246,0.9249,0.0501,0.0301,0.0751,0.04,0.024,0.06,0.018,2.4e-05,0.0429,0.602,0.003,250
711,RICE2,RICE-2 (Thick Cumulus / Heavy Cloud & Inpainting),0.06,0.1086,0.9413,0.05,0.03,0.075,0.04,0.024,0.06,0.018,2.4e-05,0.0425,0.6,0.003,250
712,RICE2,RICE-2 (Thick Cumulus / Heavy Cloud & Inpainting),0.06,0.115,0.9352,0.05,0.03,0.075,0.04,0.024,0.06,0.018,2.4e-05,0.0425,0.6,0.003,250
713,RICE2,RICE-2 (Thick Cumulus / Heavy Cloud & Inpainting),0.0,0.1055,0.9403,0.05,0.03,0.075,0.04,0.024,0.06,0.018,2.4e-05,0.0422,0.6,0.003,250
714,RICE2,RICE-2 (Thick Cumulus / Heavy Cloud & Inpainting),0.0,0.1105,0.9357,0.05,0.03,0.075,0.04,0.024,0.06,0.018,2.4e-05,0.0423,0.6,0.003,250
715,RICE2,RICE-2 (Thick Cumulus / Heavy Cloud & Inpainting),2.99,0.1182,0.9292,0.0509,0.0305,0.0764,0.0403,0.0242,0.0605,0.0183,2.4e-05,0.0431,0.618,0.003,250
716,RICE2,RICE-2 (Thick Cumulus / Heavy Cloud & Inpainting),32.41,0.1874,0.8771,0.0597,0.0358,0.0896,0.0406,0.0244,0.0609,0.0212,2.4e-05,0.0435,0.794,0.003,250
717,RICE2,RICE-2 (Thick Cumulus / Heavy Cloud & Inpainting),34.13,0.1839,0.8786,0.0602,0.0361,0.0903,0.041,0.0246,0.0615,0.0214,2.4e-05,0.0433,0.805,0.003,250
718,RICE2,RICE-2 (Thick Cumulus / Heavy Cloud & Inpainting),39.26,0.1845,0.8747,0.0618,0.0371,0.0927,0.0403,0.0242,0.0605,0.0219,2.4e-05,0.0437,0.836,0.003,250
719,RICE2,RICE-2 (Thick Cumulus / Heavy Cloud & Inpainting),20.07,0.1518,0.9034,0.056,0.0336,0.084,0.0417,0.025,0.0625,0.02,2.4e-05,0.0434,0.72,0.003,250
720,RICE2,RICE-2 (Thick Cumulus / Heavy Cloud & Inpainting),0.01,0.1171,0.9337,0.05,0.03,0.075,0.04,0.024,0.06,0.018,2.4e-05,0.0426,0.6,0.003,250
721,RICE2,RICE-2 (Thick Cumulus / Heavy Cloud & Inpainting),0.0,0.1115,0.9387,0.05,0.03,0.075,0.04,0.024,0.06,0.018,2.4e-05,0.0426,0.6,0.003,250
722,RICE2,RICE-2 (Thick Cumulus / Heavy Cloud & Inpainting),3.37,0.1201,0.9291,0.051,0.0306,0.0765,0.0403,0.0242,0.0605,0.0183,2.4e-05,0.0425,0.62,0.003,250
723,RICE2,RICE-2 (Thick Cumulus / Heavy Cloud & Inpainting),2.65,0.1174,0.9296,0.0508,0.0305,0.0762,0.0403,0.0242,0.0605,0.0183,2.4e-05,0.0425,0.616,0.003,250
724,RICE2,RICE-2 (Thick Cumulus / Heavy Cloud & Inpainting),0.0,0.122,0.9243,0.05,0.03,0.075,0.04,0.024,0.06,0.018,2.4e-05,0.0425,0.6,0.003,250
725,RICE2,RICE-2 (Thick Cumulus / Heavy Cloud & Inpainting),0.0,0.1141,0.9319,0.05,0.03,0.075,0.04,0.024,0.06,0.018,2.4e-05,0.0426,0.6,0.003,250
726,RICE2,RICE-2 (Thick Cumulus / Heavy Cloud & Inpainting),53.4,0.2553,0.8434,0.066,0.0396,0.099,0.0363,0.0218,0.0544,0.0233,2.4e-05,0.0434,0.92,0.003,250
727,RICE2,RICE-2 (Thick Cumulus / Heavy Cloud & Inpainting),16.6,0.176,0.8961,0.055,0.033,0.0825,0.0392,0.0235,0.0588,0.0197,2.4e-05,0.0426,0.7,0.003,250
728,RICE2,RICE-2 (Thick Cumulus / Heavy Cloud & Inpainting),5.54,0.1663,0.8919,0.0517,0.031,0.0776,0.0399,0.0239,0.0599,0.0186,2.4e-05,0.043,0.633,0.003,250
729,RICE2,RICE-2 (Thick Cumulus / Heavy Cloud & Inpainting),23.27,0.1804,0.8846,0.057,0.0342,0.0855,0.0388,0.0233,0.0582,0.0203,2.4e-05,0.0433,0.74,0.003,250
730,RICE2,RICE-2 (Thick Cumulus / Heavy Cloud & Inpainting),10.97,0.1662,0.8986,0.0533,0.032,0.0799,0.0378,0.0227,0.0567,0.0191,2.4e-05,0.043,0.666,0.003,250
731,RICE2,RICE-2 (Thick Cumulus / Heavy Cloud & Inpainting),37.47,0.1919,0.8643,0.0612,0.0367,0.0918,0.0353,0.0212,0.0529,0.0217,2.4e-05,0.0429,0.825,0.003,250
732,RICE2,RICE-2 (Thick Cumulus / Heavy Cloud & Inpainting),50.4,0.1964,0.8499,0.0651,0.0391,0.0977,0.0346,0.0208,0.0519,0.023,2.4e-05,0.0429,0.902,0.003,250
733,RICE2,RICE-2 (Thick Cumulus / Heavy Cloud & Inpainting),4.2,0.1181,0.9275,0.0513,0.0308,0.0769,0.0404,0.0242,0.0606,0.0184,2.4e-05,0.0431,0.625,0.003,250
734,RICE2,RICE-2 (Thick Cumulus / Heavy Cloud & Inpainting),0.0,0.1157,0.9294,0.05,0.03,0.075,0.04,0.024,0.06,0.018,2.4e-05,0.0428,0.6,0.003,250
735,RICE2,RICE-2 (Thick Cumulus / Heavy Cloud & Inpainting),0.0,0.122,0.9232,0.05,0.03,0.075,0.04,0.024,0.06,0.018,2.4e-05,0.0429,0.6,0.003,250
